Started,AcresBurned,Longitude,Type,Latitude,ExtinguishedDate
2020-02-15T17:48:27Z,15.0,-123.6378411,Wildfire,40.511092,
2020-02-17T15:04:08Z,102.0,-120.3291855,Wildfire,39.6923001,2020-02-20T14:40:00Z
2020-02-23T08:35:30Z,75.0,-122.84722222,Wildfire,40.33583333,2020-02-24T14:32:00Z
2020-02-23T17:50:20Z,57.0,-120.49392,Wildfire,40.62155,2020-02-23T14:45:00Z
2020-02-25T14:17:21Z,211.0,-122.94111111,Wildfire,39.75638899,2020-03-03T11:21:00Z
2020-03-02T14:08:05Z,154.0,-122.384532,Wildfire,39.774968,2020-03-05T07:26:00Z
2020-03-03T11:13:50Z,180.0,-117.51793,Wildfire,33.96957,
2020-03-03T15:20:43Z,,-121.12381,Wildfire,39.45493,
2020-03-06T12:44:00Z,20.0,-117.40906,Wildfire,33.65263,
2020-04-04T20:22:08Z,275.0,-115.5865,Wildfire,32.93432,2020-04-12T13:51:00Z
2020-04-23T20:52:04Z,26.0,-122.43905,Wildfire,40.09554,2020-04-24T09:53:00Z
2020-04-25T14:59:00Z,55.0,-122.97693,Wildfire,40.63442,
2020-04-27T14:59:04Z,47.0,-121.595225,Wildfire,37.82066,2020-04-27T20:33:00Z
2020-05-03T15:52:04Z,2060.0,-120.106407,Wildfire,36.075003,2020-05-03T13:31:00Z
2020-05-07T08:10:19Z,156.0,-120.29379,Wildfire,34.47438,2020-05-09T13:50:00Z
2020-05-08T14:46:20Z,17.0,-121.47273,Wildfire,39.42208,2020-05-08T15:21:00Z
2020-05-18T13:38:14Z,20.0,-117.024114,Wildfire,33.861054,2020-05-18T18:11:00Z
2020-05-21T11:30:00Z,152.0,-119.982359,Wildfire,37.11715,
2020-05-22T15:27:09Z,20.0,-122.403634,Wildfire,38.697834,2020-05-23T14:00:00Z
2020-05-27T19:33:55Z,5000.0,-120.70524,Wildfire,35.34237,2020-05-28T06:45:00Z
2020-05-28T17:08:59Z,60.0,-117.34934,Wildfire,33.83167,2020-05-28T20:30:00Z
2020-05-30T17:48:59Z,60.0,-86.8616,Wildfire,35.9994,
2020-05-31T18:09:09Z,1395.0,-119.74577,Wildfire,34.01389,
2020-06-01T15:29:05Z,237.0,-119.93221,Wildfire,37.11806,
2020-06-01T15:52:43Z,670.0,-121.390862,Wildfire,38.824371,
2020-06-01T17:41:59Z,10.0,-123.48018,Wildfire,39.1296,
2020-06-02T17:01:52Z,37.0,-120.288882,Wildfire,40.809323,2020-06-02T18:33:00Z
2020-06-02T19:38:16Z,129.0,-116.524014,Wildfire,33.782532,2020-06-07T08:34:00Z
2020-06-03T18:26:25Z,300.0,-122.042199,Wildfire,38.232281,2020-06-04T09:26:00Z
2020-06-04T07:38:05Z,19.0,-121.726223,Wildfire,37.329163,
2020-06-04T16:36:17Z,15.0,-122.097933,Wildfire,40.837885,2020-06-04T07:30:00Z
2020-06-04T19:36:47Z,126.0,-121.851895,Wildfire,37.229703,2020-06-07T07:42:00Z
2020-06-05T09:04:00Z,39.0,-121.340239,Wildfire,38.98487,2020-06-05T12:32:00Z
2020-06-05T16:56:55Z,141.0,-122.549816,Wildfire,38.224849,2020-06-06T18:37:00Z
2020-06-05T17:09:00Z,79.0,-122.156313,Wildfire,38.196893,2020-06-05T15:10:00Z
2020-06-06T16:19:20Z,107.0,-122.536406,Wildfire,38.216134,2020-06-08T18:30:00Z
2020-06-06T16:36:26Z,1837.0,-122.038208,Wildfire,38.470809,2020-06-10T07:48:00Z
2020-06-06T18:00:51Z,100.0,-122.002811,Wildfire,37.994368,2020-06-07T07:52:00Z
2020-06-07T14:43:51Z,211.0,-121.0781,Wildfire,36.2644,
2020-06-07T19:15:00Z,85.0,-120.215454,Wildfire,37.61955,2020-06-10T07:03:00Z
2020-06-08T13:55:53Z,80.0,-121.16483,Wildfire,37.463636,2020-06-08T18:42:00Z
2020-06-08T15:45:17Z,27.0,-117.37581,Wildfire,33.638067,2020-06-09T09:51:00Z
2020-06-08T16:16:07Z,230.0,-120.81509,Wildfire,35.94979,2020-06-09T12:24:00Z
2020-06-08T17:46:04Z,100.0,-117.46036,Wildfire,33.82925,2020-06-09T18:45:00Z
2020-06-08T20:50:06Z,20.0,-116.89655,Wildfire,33.78275,2020-06-08T20:46:00Z
2020-06-09T14:35:25Z,29.0,-120.988571,Wildfire,38.827755,
2020-06-09T15:22:55Z,151.0,-123.21318,Wildfire,38.89695,2020-06-10T18:57:00Z
2020-06-09T21:51:40Z,1100.0,-117.47166,Wildfire,33.37579,2020-06-12T09:23:00Z
2020-06-10T13:11:26Z,300.0,-119.17808,Wildfire,34.29475,2020-06-12T07:53:00Z
2020-06-10T14:52:42Z,1680.0,-120.00521,Wildfire,35.35146,2020-06-11T20:23:00Z
2020-06-10T18:30:38Z,803.0,-118.77347,Wildfire,34.46182,2020-06-17T13:42:00Z
2020-06-11T13:08:40Z,100.0,-116.7862,Wildfire,32.73044,2020-06-14T18:47:00Z
2020-06-11T16:57:46Z,90.0,-116.690712,Wildfire,32.580882,2020-06-13T18:00:00Z
2020-06-11T18:25:12Z,40.0,-121.378879,Wildfire,38.733421,2020-06-11T20:46:00Z
2020-06-12T12:41:17Z,5042.0,-121.201927,Wildfire,38.520981,2020-06-17T08:11:00Z
2020-06-12T17:35:38Z,533.0,-119.36572,Wildfire,36.82276,2020-07-08T08:31:00Z
2020-06-13T14:27:51Z,191.0,-120.08522,Wildfire,37.40827,2020-06-16T19:17:00Z
2020-06-13T18:32:06Z,10.0,-117.461925,Wildfire,33.776033,2020-06-13T08:26:00Z
2020-06-13T18:52:54Z,34.0,-80.49163,Wildfire,39.14783,2020-06-14T07:36:00Z
2020-06-14T15:03:45Z,696.0,-120.28867,Wildfire,34.63309,
2020-06-15T16:44:39Z,445.0,-120.69959,Wildfire,35.17977,2020-06-19T07:27:00Z
2020-06-16T14:11:55Z,813.0,-120.92925,Wildfire,36.3011,2020-06-21T19:27:00Z
2020-06-16T14:44:53Z,18.0,-120.56823,Wildfire,35.40953,2020-06-17T14:59:00Z
2020-06-16T16:58:00Z,1455.0,-120.72958,Wildfire,38.07741,2020-06-20T19:10:00Z
2020-06-17T12:54:12Z,95.0,-121.60037,Wildfire,39.52408,2020-06-17T19:20:00Z
2020-06-17T15:49:46Z,89.0,-121.20828,Wildfire,38.23432,2020-06-18T10:44:00Z
2020-06-17T16:39:25Z,68.0,-122.205628,Wildfire,40.000132,
2020-06-17T16:54:46Z,83.0,-121.42113,Wildfire,35.9497,2020-06-22T09:07:00Z
2020-06-17T20:22:58Z,165.0,-118.6894,Wildfire,35.27678,2020-06-18T19:17:00Z
2020-06-18T16:56:59Z,110.0,-121.33956,Wildfire,38.89178,2020-06-18T19:24:00Z
2020-06-18T20:28:41Z,130.0,-118.845123,Wildfire,36.37085,2020-06-22T19:26:00Z
2020-06-18T22:33:51Z,13.0,-121.45372,Wildfire,39.37577,2020-06-18T08:53:00Z
2020-06-19T15:19:44Z,217.0,-118.8613,Wildfire,35.89133,2020-06-22T19:22:00Z
2020-06-20T14:24:00Z,89.0,-121.53976,Wildfire,39.36894,2020-06-20T19:14:00Z
2020-06-20T17:23:41Z,11.0,-120.54161,Wildfire,41.5017,
2020-06-21T11:33:36Z,10.0,-120.20316,Wildfire,38.08264,2020-07-07T14:34:00Z
2020-06-21T16:29:28Z,195.0,-121.08753,Wildfire,35.90835,2020-06-25T18:55:00Z
2020-06-21T21:50:06Z,52.0,-121.57407,Wildfire,36.69845,2020-06-22T19:12:00Z
2020-06-22T08:16:27Z,1050.0,-119.19677,Wildfire,36.5537,2020-06-26T06:39:00Z
2020-06-22T15:55:55Z,348.0,-120.87858,Wildfire,35.9789,2020-06-23T07:07:00Z
2020-06-22T13:55:00Z,15.0,-120.68326,Wildfire,35.62906,2020-06-23T09:04:00Z
2020-06-23T08:23:48Z,19.0,-119.33439,Wildfire,36.97511,2020-06-26T18:04:00Z
2020-06-23T21:12:11Z,563.0,-120.28147,Wildfire,40.43203,2020-06-26T18:00:00Z
2020-06-24T07:49:19Z,210.0,-120.04635,Wildfire,40.44793,2020-06-26T18:00:00Z
2020-06-24T17:49:08Z,12.0,-115.96594,Wildfire,33.27665,2020-06-27T06:58:00Z
2020-06-25T06:47:01Z,202.0,-121.18355,Wildfire,37.46265,2020-06-26T18:32:00Z
2020-06-25T17:28:46Z,263.0,-119.88048,Wildfire,35.30742,2020-06-28T07:06:00Z
2020-06-26T15:13:24Z,280.0,-119.00289,Wildfire,38.22554,2020-07-02T11:07:00Z
2020-06-26T17:07:51Z,59.0,-116.750925,Wildfire,33.565093,
2020-06-27T19:08:50Z,2975.0,-119.81098,Wildfire,39.32596,2020-07-06T14:36:00Z
2020-06-28T13:28:53Z,2192.0,-121.21912,Wildfire,37.06641,2020-07-03T07:34:00Z
2020-06-28T15:58:46Z,33.0,-120.96759,Wildfire,35.69993,2020-06-28T11:06:00Z
2020-06-29T12:35:41Z,12.0,-121.2199939,Wildfire,41.0336731,2020-06-29T18:49:00Z
2020-06-30T15:43:01Z,136.0,-121.4319,Wildfire,39.3784,2020-07-03T19:15:00Z
2020-06-30T17:40:16Z,62.0,-123.437051,Wildfire,40.791509,2020-07-24T15:25:00Z
2020-07-01T16:32:50Z,4000.0,-118.702732,Wildfire,35.310132,2020-07-03T07:30:00Z
2020-07-01T16:43:16Z,648.0,-118.324601,Wildfire,34.542742,2020-07-05T10:43:00Z
2020-07-02T15:27:03Z,500.0,-119.9252132,Wildfire,36.9678542,2020-07-03T07:33:00Z
2020-07-03T14:00:40Z,157.0,-120.053275,Wildfire,35.393889,2020-07-05T18:43:00Z
2020-07-03T16:29:04Z,62.0,-117.124353,Wildfire,34.182436,2020-07-06T13:27:00Z
2020-07-04T15:04:41Z,108.0,-121.876277,Wildfire,37.536015,2020-07-05T18:47:00Z
2020-07-05T07:09:01Z,583.0,-120.00485,Wildfire,35.351065,
2020-07-04T07:13:22Z,353.0,-121.567505,Wildfire,37.166733,2020-07-06T19:23:00Z
2020-07-05T07:30:23Z,100.0,-121.086625,Wildfire,37.091637,
2020-07-05T14:39:40Z,67.0,-119.116536,Wildfire,36.750186,
2020-07-05T14:55:49Z,5513.0,-121.501532,Wildfire,37.034839,2020-07-13T19:06:00Z
2020-07-05T17:18:35Z,1525.0,-118.328877,Wildfire,34.467915,2020-07-10T18:44:00Z
2020-07-06T15:32:26Z,298.0,-122.25471,Wildfire,38.02996,
2020-07-06T16:04:20Z,150.0,-121.53524,Wildfire,37.71984,2020-07-06T19:02:00Z
2020-07-06T18:22:56Z,75.0,-122.12447,Wildfire,38.21614,2020-07-09T11:50:00Z
2020-07-07T16:06:21Z,32.0,-120.941267,Wildfire,38.58488,
2020-07-07T17:32:13Z,25.0,-122.65813,Wildfire,39.35498,2020-07-09T15:20:00Z
2020-07-09T14:27:09Z,10.0,-116.7464168,Wildfire,33.551838,2020-07-09T07:44:00Z
2020-07-11T10:50:33Z,31.0,-121.79349,Wildfire,37.37731,2020-07-11T17:28:00Z
2020-07-11T17:57:49Z,108.0,-119.50307,Wildfire,37.1487,2020-07-15T19:07:00Z
2020-07-13T12:55:16Z,2.0,-117.108421,Wildfire,33.623968,2020-07-13T18:45:00Z
2020-07-13T15:06:35Z,33.0,-121.37994,Wildfire,39.43227,2020-07-15T19:09:00Z
2020-07-13T15:08:00Z,91.0,-116.83552,Wildfire,33.48429,2020-07-15T07:07:00Z
2020-07-13T16:40:36Z,29667.0,-120.52193,Wildfire,36.09493,2020-07-26T19:41:00Z
2020-07-15T14:04:08Z,1485.0,-121.04401,Wildfire,36.653,2020-07-18T07:36:00Z
2020-07-15T16:44:16Z,48.0,-119.95807,Wildfire,37.42319,2020-07-18T07:58:00Z
2020-07-15T17:18:23Z,500.0,-121.33589,Wildfire,39.10112,2020-07-15T19:11:00Z
2020-07-16T18:14:18Z,253.0,-121.59374,Wildfire,37.64044,2020-07-19T13:26:00Z
2020-07-17T14:59:54Z,119.0,-116.97557,Wildfire,34.39464,2020-07-20T20:54:00Z
2020-07-18T17:18:20Z,557.0,-122.69296,Wildfire,41.79319,2020-07-28T18:21:00Z
2020-07-18T17:28:18Z,9564.0,-120.86375,Wildfire,40.420886,2020-08-17T21:07:00Z
2020-07-19T17:05:41Z,333.0,-122.792645,Wildfire,40.462621,2020-07-27T19:20:00Z
2020-07-20T14:12:25Z,22614.0,-120.923293,Wildfire,41.11037,2020-08-12T19:21:00Z
2020-07-20T15:44:53Z,100.0,-123.6986222,Wildfire,41.1849445,2020-08-18T18:09:00Z
2020-07-20T16:09:57Z,30.0,-121.604579,Wildfire,39.506597,2020-07-21T14:40:00Z
2020-07-20T18:04:37Z,75.0,-121.620238,Wildfire,37.977309,2020-07-20T11:20:00Z
2020-07-20T19:10:36Z,71.0,-117.192142,Wildfire,34.135626,2020-07-21T16:01:00Z
2020-07-20T19:15:32Z,135.0,-119.932391,Wildfire,37.118075,2020-07-21T07:18:00Z
2020-07-21T19:26:58Z,120.0,-118.711135,Wildfire,37.518879,2020-08-12T16:37:00Z
2020-07-24T07:33:21Z,83261.0,-121.477,Wildfire,41.699,2020-08-20T14:27:00Z
2020-07-24T17:32:36Z,145.0,-117.033124,Wildfire,33.93327,2020-07-25T19:42:00Z
2020-07-24T17:47:17Z,138.0,-122.359663,Wildfire,39.013591,2020-07-25T07:07:00Z
2020-07-25T18:16:54Z,250.0,-117.429598,Wildfire,34.028116,2020-07-28T07:21:00Z
2020-07-26T12:57:35Z,51.0,-121.044895,Wildfire,38.420382,2020-07-26T11:26:00Z
2020-07-27T09:28:40Z,788.0,-121.101634,Wildfire,37.083806,
2020-07-27T09:35:49Z,,-120.025872,Wildfire,39.922415,
2020-07-27T17:19:21Z,321.0,-118.72004,Wildfire,34.75844,2020-07-30T19:43:00Z
2020-07-27T18:50:25Z,25.0,-124.19954,Wildfire,40.78804,2020-07-31T09:44:00Z
2020-07-28T07:49:02Z,100.0,-116.77048,Wildfire,32.62212,
2020-07-28T14:59:38Z,3222.0,-120.00521,Wildfire,35.35146,2020-08-01T19:45:00Z
2020-07-29T17:24:17Z,185.0,-117.45479,Wildfire,34.25143,2020-08-01T07:07:00Z
2020-07-29T18:05:20Z,741.0,-121.17197,Wildfire,38.40329,2020-07-30T07:27:00Z
2020-07-30T14:40:11Z,104.0,-117.034461,Wildfire,33.934137,2020-07-31T09:03:00Z
2020-07-30T15:23:01Z,220.0,-117.889503,Wildfire,34.17363,2020-08-14T14:26:00Z
2020-07-30T16:14:47Z,233.0,-118.7933,Wildfire,35.14357,2020-07-31T08:56:00Z
2020-07-31T18:08:39Z,33424.0,-116.9617,Wildfire,33.99139,
2020-07-31T20:06:14Z,,-120.17183,Wildfire,41.52261,
2020-08-01T16:39:21Z,684.0,-121.6415,Wildfire,40.34659,2020-09-14T14:25:00Z
2020-08-01T18:04:58Z,178.0,-118.59699,Wildfire,34.51853,2020-09-14T14:25:00Z
2020-08-01T18:44:52Z,2005.0,-120.47346,Wildfire,35.43128,2020-08-09T19:17:00Z
2020-08-02T09:12:41Z,36.0,-121.103299,Wildfire,38.686478,2020-08-02T09:11:00Z
2020-08-02T15:11:20Z,52.0,-116.641846,Wildfire,33.924086,2020-08-04T15:12:00Z
2020-08-02T16:51:26Z,6882.0,-120.44811,Wildfire,40.36764,2020-08-10T11:27:00Z
2020-08-02T17:13:36Z,560.0,-122.48525,Wildfire,39.31313,2020-08-05T07:16:00Z
2020-08-02T20:49:07Z,120.0,-118.21608,Wildfire,34.04447,2020-08-04T14:34:00Z
2020-08-02T22:24:59Z,600.0,-121.38178,Wildfire,39.11307,2020-08-03T07:22:00Z
2020-08-03T15:45:29Z,200.0,-118.49731,Wildfire,34.3428,2020-08-06T13:32:00Z
2020-08-03T17:33:03Z,7760.0,-118.53361,Wildfire,35.43044,2020-08-18T17:50:00Z
2020-08-03T20:27:11Z,,-119.5795,Wildfire,34.93442,
2020-08-04T09:44:14Z,594.0,-119.2439,Wildfire,36.90933,2020-08-20T14:23:00Z
2020-08-04T17:18:17Z,322.0,-120.40457,Wildfire,35.61521,2020-08-05T07:19:00Z
2020-08-06T08:24:00Z,277.0,-118.92967,Wildfire,34.93929,2020-08-07T07:18:00Z
2020-08-06T15:37:43Z,210.0,-118.46115,Wildfire,-118.46115,2020-09-14T14:22:00Z
2020-08-10T18:31:57Z,177.0,-123.262437,Wildfire,39.82454,2020-08-12T19:15:00Z
2020-08-10T18:58:13Z,65.0,-121.318472,Wildfire,38.81111,2020-08-11T14:25:00Z
2020-08-11T07:37:23Z,285.0,-120.549595,Wildfire,40.590714,2020-08-12T16:46:00Z
2020-08-12T11:43:49Z,424.0,-119.444977,Wildfire,34.962524,2020-08-12T16:22:00Z
2020-08-12T17:13:02Z,31089.0,-118.452,Wildfire,34.679,2020-09-28T06:59:00Z
2020-08-12T19:12:15Z,183.0,-119.987565,Wildfire,35.308259,2020-08-12T11:44:00Z
2020-08-13T17:01:18Z,512.0,-121.172572,Wildfire,38.474502,2020-08-14T07:16:00Z
2020-08-13T14:49:55Z,4237.0,-117.910498,Wildfire,34.160265,2020-10-05T14:17:00Z
2020-08-13T19:03:25Z,,-120.889438,Wildfire,39.716713,
2020-08-14T17:55:25Z,110.0,-121.633994,Wildfire,39.647686,2020-08-14T19:23:00Z
2020-08-14T18:52:58Z,47029.0,-120.143473,Wildfire,39.702438,2020-08-26T06:54:00Z
2020-08-15T13:21:11Z,320.0,-120.856731,Wildfire,35.472114,2020-08-19T14:50:00Z
2020-08-15T17:00:46Z,2121.0,-120.427342,Wildfire,36.09876,
2020-08-16T07:56:39Z,20.0,-120.801074,Wildfire,35.519723,2020-08-17T19:23:00Z
2020-08-16T10:14:46Z,727.0,-122.427358,Wildfire,39.52452,2020-08-17T21:01:00Z
2020-08-16T14:56:54Z,48088.0,-121.62161,Wildfire,36.60239,
2020-08-16T20:37:26Z,1032648.0,-122.673,Wildfire,39.776,2020-11-11T10:21:44Z
2020-08-17T08:00:32Z,705.0,-121.100352,Wildfire,39.29241,2020-08-28T16:19:00Z
2020-08-17T12:31:38Z,,-119.010655,Wildfire,37.919382,2020-08-28T20:22:00Z
2020-08-17T14:16:58Z,275.0,-122.5012461,Wildfire,39.555943,2020-08-19T21:08:00Z
2020-08-17T17:08:40Z,3000.0,-118.758965,Wildfire,34.438759,
2020-08-17T20:06:44Z,14.0,-120.876546,Wildfire,38.840068,2020-08-19T18:50:00Z
2020-08-16T08:00:00Z,86509.0,-122.22275,Wildfire,37.17162,2020-09-22T19:53:00Z
2020-08-16T09:25:25Z,396624.0,-121.30435,Wildfire,37.439437,2020-10-01T10:29:00Z
2020-08-18T10:21:52Z,,-119.869,Wildfire,38.183,
2020-08-18T14:24:01Z,6901.0,-121.68181,Wildfire,36.4463,
2020-08-18T15:27:56Z,62.0,-123.013667,Wildfire,39.276,2020-08-21T08:08:00Z
2020-08-18T16:33:32Z,1783.0,-120.763258,Wildfire,38.027921,
2020-08-18T17:58:52Z,820.0,-123.2111007,Wildfire,39.8174372,2020-08-21T21:00:00Z
2020-08-17T08:00:00Z,363220.0,-122.14864,Wildfire,38.48193,2020-10-02T10:38:00Z
2020-08-17T09:12:42Z,19609.0,-122.4393,Wildfire,40.09571,2020-10-09T15:20:00Z
2020-08-19T16:44:58Z,55.0,-120.85258,Wildfire,38.03106,2020-08-19T20:16:00Z
2020-08-20T14:26:08Z,2857.0,-120.312565,Wildfire,37.813779,2020-08-30T19:14:00Z
2020-08-20T16:18:49Z,45.0,-117.328234,Wildfire,33.454896,2020-08-22T21:17:00Z
2020-08-21T14:36:08Z,143.0,-121.68465,Wildfire,37.18725,2020-08-26T17:00:00Z
2020-08-22T22:02:57Z,29570.0,-120.757,Wildfire,40.274,2020-09-09T09:00:00Z
2020-08-23T08:24:24Z,,-120.281389,Wildfire,41.028611,2020-09-16T11:18:00Z
2020-08-18T14:27:00Z,4929.0,-122.836701,Wildfire,38.018089,2020-10-02T07:21:00Z
2020-08-25T16:29:58Z,53.0,-120.1243296,Wildfire,35.4335197,
2020-08-26T08:03:48Z,567.0,-120.536,Wildfire,40.773,2020-08-31T14:19:00Z
2020-08-26T13:37:15Z,9.0,-121.10411,Wildfire,38.8825,
2020-08-28T16:21:25Z,290.0,-118.36411,Wildfire,34.65979,2020-08-30T19:27:00Z
2020-08-30T11:11:55Z,400.0,-119.88673,Wildfire,37.08053,2020-08-30T19:11:00Z
2020-09-01T09:37:58Z,,-123.12461,Wildfire,40.82126,2020-09-10T11:23:00Z
2020-09-01T12:38:11Z,,-119.568,Wildfire,38.568,
2020-09-01T17:34:38Z,13.0,-122.637037,Wildfire,39.012743,2020-09-02T07:18:00Z
2020-09-04T18:21:00Z,379895.0,-119.261175,Wildfire,37.19147,
2020-09-05T12:51:00Z,22744.0,-116.98669,Wildfire,34.08056,2020-11-16T08:00:00Z
2020-09-05T16:02:32Z,16390.0,-116.692705,Wildfire,32.765615,2020-09-24T15:30:00Z
2020-09-07T13:26:45Z,1100.0,-123.3965,Wildfire,39.4935,2020-09-14T19:38:00Z
2020-09-08T13:03:25Z,,-120.394,Wildfire,38.99,2020-11-09T17:48:00Z
2020-09-09T08:04:43Z,1311.0,-121.32361,Wildfire,39.3637,2020-09-14T17:35:00Z
2020-09-08T22:27:00Z,45.0,-121.18018,Wildfire,37.46377,2020-09-09T07:27:00Z
2020-09-09T15:59:31Z,45.0,-122.84057,Wildfire,41.68229,2020-09-17T19:56:00Z
2020-09-11T10:05:44Z,50.0,-123.021635,Wildfire,41.575549,2020-09-21T19:57:00Z
2020-09-12T13:57:57Z,1185.0,-119.027309,Wildfire,37.135474,2020-11-09T14:06:00Z
2020-09-16T11:08:31Z,2188.0,-122.847359,Wildfire,41.211022,2020-09-30T08:31:00Z
2020-09-16T16:00:33Z,111.0,-120.491594,Wildfire,34.773809,2020-09-18T08:00:00Z
2020-09-17T16:11:01Z,6254.0,-116.68386,Wildfire,33.88831,
2020-09-27T08:48:00Z,67484.0,-122.49745,Wildfire,38.56295,2020-10-20T11:00:00Z
2020-09-27T16:03:27Z,56338.0,-122.56656,Wildfire,40.53927,2020-10-13T17:02:00Z
2020-09-28T17:08:09Z,230.0,-118.4,Wildfire,34.563,2020-09-30T08:36:00Z
2020-09-29T13:32:00Z,454.0,-117.374419,Wildfire,33.764357,2020-09-30T19:12:00Z
2020-09-30T13:09:00Z,48.0,-121.003602,Wildfire,38.49375,2020-10-03T07:08:00Z
2020-10-03T15:38:00Z,20.0,-121.039236,Wildfire,38.464074,2020-10-04T07:22:00Z
2020-10-04T12:46:20Z,21.0,-121.006635,Wildfire,38.424016,2020-10-06T19:04:00Z
2020-10-07T06:06:33Z,56.0,-121.450982,Wildfire,39.181047,2020-10-07T08:34:00Z
2020-10-11T18:04:00Z,30.0,-122.104314,Wildfire,37.821737,2020-10-12T00:00:00Z
2020-10-13T14:31:29Z,21.0,-120.64541,Wildfire,37.98337,2020-10-15T09:00:00Z
2020-10-15T05:40:14Z,170.0,-117.138078,Wildfire,34.014728,2020-10-16T13:33:00Z
2020-10-18T20:42:24Z,15.0,-120.964726,Wildfire,38.659387,2020-10-21T17:16:00Z
2020-10-22T14:43:49Z,6.0,-121.54475,Wildfire,39.51694,2020-10-22T17:12:00Z
2020-10-23T13:52:08Z,102.0,-123.88658,Wildfire,40.55823,
2020-10-23T17:25:43Z,61.0,-122.37828,Wildfire,38.56184,2020-10-25T19:10:00Z
2020-10-25T09:56:31Z,275.0,-122.39033,Wildfire,40.38869,
2020-10-25T12:54:39Z,133.0,-122.18102,Wildfire,40.47646,
2020-10-25T14:22:27Z,5.0,-122.342,Wildfire,40.41486,2020-10-25T07:07:00Z
2020-10-26T07:54:50Z,12466.0,-117.65719,Wildfire,33.73614,2020-11-07T07:07:00Z
2020-10-26T08:21:48Z,,-120.488892,Wildfire,39.009454,2020-11-09T17:51:00Z
2020-10-26T14:32:41Z,13964.0,-117.675067,Wildfire,33.877257,2020-11-07T07:06:00Z
2020-11-01T17:05:47Z,150.0,-117.51476,Wildfire,34.03343,
2020-11-06T07:28:52Z,131.0,-117.778561,Wildfire,34.146195,2020-11-07T14:43:00Z
2020-11-17T12:47:00Z,49.0,-120.87054,Wildfire,41.4435,2020-11-17T19:05:14Z
2020-12-01T17:27:18Z,1087.0,-117.62109,Wildfire,33.893351,2020-12-12T07:26:17Z
2020-12-03T02:06:22Z,200.0,-117.051463,Wildfire,33.773754,
2020-12-02T22:14:00Z,6686.0,-117.674967,Wildfire,33.743842,2020-12-10T18:59:25Z
2020-12-02T09:00:51Z,,-116.9075,,32.75277778,2020-12-03T18:35:02Z
2020-12-03T13:32:00Z,24.0,-120.374514,Wildfire,41.591948,2020-12-03T17:40:29Z
2020-12-07T11:44:00Z,174.0,-119.078,,34.33622,2020-12-08T11:17:54Z
2020-12-13T08:00:00Z,1954.0,-117.03459,Wildfire,33.93244,2020-12-14T17:50:00Z
2020-12-26T13:48:14Z,,-117.31544,Wildfire,34.52927,2020-12-28T10:47:57Z
2021-01-14T16:00:00Z,250.0,-118.83967,Wildfire,34.20955,2021-01-15T13:45:05Z
2021-01-19T12:08:00Z,23.0,-119.51982,Wildfire,37.25086,
2021-01-19T06:48:00Z,20.0,-122.10509,Wildfire,37.08931,
2021-01-18T21:00:00Z,15.0,-122.28823,Wildfire,37.18259,
2021-01-18T21:00:00Z,22.0,-122.1756,,37.17749,
2021-01-19T11:47:00Z,865.0,-119.185309,Wildfire,34.99432,2021-01-20T07:12:18Z
2021-01-19T14:48:24Z,43.0,-116.10723,Wildfire,33.52871,2021-01-20T13:46:53Z
2021-01-19T15:04:08Z,184.0,-118.5553174,,34.3585229,2021-01-22T18:12:36Z
2021-01-19T15:25:39Z,20.0,-122.13372,Wildfire,37.18381,2021-01-22T18:02:12Z
2021-01-19T19:13:18Z,37.0,-121.83627,Wildfire,36.98767,2021-01-22T18:09:27Z
2021-03-14T18:35:00Z,86.0,-117.5910734433329,Wildfire,35.5819816117628,2021-03-20T09:54:54Z
2021-03-27T17:02:04Z,873.0,-121.627082,Fire,41.927772,2021-03-29T17:21:30Z
2021-03-28T14:43:24Z,23.0,-120.131236,Fire,37.813464,
2021-04-01T15:56:00Z,35.0,-122.0536419,Wildfire,40.6758842,2021-04-01T21:19:17Z
2021-04-04T15:52:00Z,25.0,-118.70009500551254,Fire,34.30277328465364,2021-04-05T17:24:38Z
2021-04-12T18:44:23Z,28.0,-116.582369,Wildfire,32.958961,2021-04-13T18:00:00Z
2021-04-18T17:46:54Z,200.0,-123.35838,Wildfire,38.99914,2021-04-24T19:04:15Z
2021-04-19T20:29:35Z,80.0,-121.5896697,Wildfire,38.9743823,2021-05-01T09:35:18Z
2021-04-23T00:34:19Z,50.0,-1191414610.0,Wildfire,34.9471195,
2021-04-24T14:50:00Z,93.0,-121.143154,Fire,37.0953436,2021-04-24T19:01:18Z
2021-04-28T23:04:57Z,650.0,-118.616276,Wildfire,34.449686,2021-05-03T09:57:29Z
2021-04-29T12:44:00Z,65.0,-122.51771555326388,Wildfire,38.88437128468346,2021-05-01T17:32:27Z
2021-04-29T23:18:41Z,160.0,-120.856628,Wildfire,38.223179,
2021-05-01T21:02:48Z,32.0,-121.034998,Wildfire,38.773294,
2021-05-02T00:56:04Z,5366.0,-116.443391,Wildfire,32.987532,2021-05-06T06:53:36Z
2021-05-04T13:28:00Z,32.0,-116.767011,Wildfire,33.532246,2021-05-04T18:00:00Z
2021-05-05T23:30:06Z,226.0,-117.044072,Wildfire,33.86972,2021-05-06T06:56:43Z
2021-05-08T13:44:53Z,550.0,-121.91936,Wildfire,39.85479,2021-05-08T10:13:00Z
2021-05-08T15:02:45Z,118.0,-120.85258,Wildfire,38.03106,2021-05-08T21:35:49Z
2021-05-08T17:29:49Z,44.0,-121.45965,Wildfire,38.28328,2021-05-08T20:05:33Z
2021-05-12T20:48:43Z,35.0,-121.361339,Wildfire,39.2510745,2021-05-12T14:53:27Z
2021-05-12T22:46:39Z,442.0,-117.663815,Wildfire,34.454231,2021-05-20T12:23:55Z
2021-05-14T14:00:00Z,97.0,-120.419624,Wildfire,37.560209,2021-05-15T11:58:36Z
2021-05-14T13:03:00Z,29.0,-120.094517,Wildfire,40.971612,2021-05-15T12:48:28Z
2021-05-14T21:50:41Z,1202.0,-118.558938,Wildfire,34.079046,2021-05-26T18:00:00Z
2021-05-18T13:30:00Z,300.0,-117.1116,,33.8948,2021-05-19T07:44:21Z
2021-05-19T15:54:00Z,17.0,-115.917099,,33.50994,2021-05-20T19:53:00Z
2021-05-19T14:56:00Z,45.0,-121.01365,,38.56101,2021-05-21T12:59:21Z
2021-05-20T09:27:00Z,300.0,-118.5044868,Wildfire,34.7591895,2021-05-22T13:35:16Z
2021-05-21T06:55:59Z,25.0,-123.66003,Wildfire,41.23106,2021-06-06T12:26:00Z
2021-05-21T15:36:15Z,18.0,-123.23205,,39.384319,2021-05-24T18:47:21Z
2021-05-24T13:30:26Z,115.0,-117.471517,Wildfire,33.965596,2021-05-27T07:04:11Z
2021-05-27T14:36:00Z,197.0,-120.00392,Wildfire,37.45646,2021-05-31T18:50:19Z
2021-05-27T18:44:00Z,508.0,-120.83915871172879,,37.89346196853137,2021-05-28T06:44:37Z
2021-05-30T15:10:29Z,1118.0,-120.854096,Wildfire,35.932852,
2021-05-31T16:24:20Z,25.0,-119.3484121800294,Wildfire,36.86201725309289,
2021-05-31T19:12:45Z,45.0,-119.5166045,Wildfire,37.1619216,2021-06-03T07:24:58Z
2021-06-01T13:06:00Z,28.0,-117.089849,,33.631955,2021-06-01T20:14:45Z
2021-06-02T18:30:00Z,43.0,-116.90145,Fire,33.895007,2021-06-04T17:11:26Z
2021-06-06T15:20:52Z,50.0,-119.86047836209606,Wildfire,37.24484944019164,2021-06-08T18:32:58Z
2021-06-08T13:59:00Z,939.0,-121.333346,Wildfire,39.084872,
2021-06-09T13:15:00Z,250.0,-117.41835464122235,Wildfire,34.383247203440405,2021-06-11T17:04:08Z
2021-06-09T13:53:00Z,1000.0,-117.34832277422022,Wildfire,33.315711565249096,2021-06-11T10:03:47Z
2021-06-09T20:00:00Z,34.0,-122.238889,Wildfire,38.899722,2021-06-10T07:03:23Z
2021-06-13T11:12:13Z,341.0,-116.4518615,Wildfire,33.5812044,2021-06-21T12:28:30Z
2021-06-13T16:01:34Z,67.0,-120.9608439,Wildfire,38.3046414,
2021-06-13T19:39:00Z,150.0,-121.3587065,Wildfire,39.1956433,2021-06-14T17:54:43Z
2021-06-14T11:40:00Z,35.0,-121.76309,Wildfire,37.24042,2021-06-14T18:36:39Z
2021-06-15T13:30:00Z,15.0,-116.94956,Wildfire,33.67127,2021-06-15T08:00:19Z
2021-06-15T17:14:55Z,108.0,-122.49164,Wildfire,40.61468,2021-06-20T12:46:57Z
2021-06-15T18:59:10Z,165.0,-122.16025,Wildfire,40.10806,2021-06-24T08:00:00Z
2021-06-16T14:03:42Z,10.0,-121.01273,Wildfire,38.79988,2021-06-16T17:07:52Z
2021-06-17T16:45:06Z,42.0,-122.916,Wildfire,39.16338,2021-06-17T10:40:44Z
2021-06-17T21:37:07Z,402.0,-121.76629,Wildfire,39.77144,2021-06-19T19:24:22Z
2021-06-18T08:00:00Z,560.0,-118.20355,Wildfire,36.59717,2021-06-21T07:17:16Z
2021-06-18T06:33:00Z,11.0,-119.10788,Wildfire,36.47887,2021-06-20T07:18:21Z
2021-06-18T08:00:00Z,800.0,-118.85799,Wildfire,36.03223,2021-06-22T18:00:00Z
2021-06-18T10:11:21Z,1265.0,-118.76857,Wildfire,36.03887,2021-07-01T08:58:19Z
2021-06-18T11:49:41Z,2877.0,-121.558858,Wildfire,36.151231,2021-07-11T08:24:03Z
2021-06-18T18:35:00Z,48.0,-118.86258,,34.83498,2021-06-20T18:07:44Z
2021-06-19T08:00:00Z,515.0,-116.233056,,32.903917,2021-06-24T18:50:12Z
2021-06-19T13:36:00Z,95.0,-116.707967,Fire,33.551747,2021-06-21T20:02:53Z
2021-06-19T06:19:04Z,592.0,-118.1420738,,36.6000177,2021-07-09T08:00:00Z
2021-06-20T16:38:04Z,761.0,-122.12107,Fire,40.53297,2021-06-26T18:25:36Z
2021-06-20T17:32:36Z,20.0,-116.1147496,Fire,33.499081,2021-06-21T09:09:11Z
2021-06-20T18:28:38Z,53.0,-116.9543,Fire,33.09183,2021-06-21T20:05:56Z
2021-06-21T16:41:35Z,42.0,-121.39247,Wildfire,38.728881,2021-06-21T19:04:05Z
2021-06-22T11:19:00Z,580.0,-120.729446,Fire,41.583949,2021-06-29T08:33:42Z
2021-06-23T13:38:00Z,145.0,-120.987172,,36.63228,2021-06-24T18:42:38Z
2021-06-23T13:42:00Z,50.0,-122.481055,,40.475558,
2021-06-23T16:01:58Z,350.0,-117.095858,Wildfire,33.337282,2021-06-27T16:51:24Z
2021-06-24T18:38:46Z,134.0,-120.497502,Wildfire,41.562302,2021-06-28T12:49:19Z
2021-06-25T14:23:00Z,37.0,-121.584194,Wildfire,37.118582,2021-06-25T23:13:01Z
2021-06-26T13:05:41Z,11.0,-120.876096,Wildfire,38.659971,2021-06-27T15:35:26Z
2021-06-24T20:35:24Z,26409.0,-122.329,Wildfire,41.459,2021-09-03T06:51:30Z
2021-06-26T20:47:10Z,220.0,-118.793912,Wildfire,35.442533,2021-06-28T07:08:15Z
2021-06-27T13:07:06Z,1984.0,-118.891,Wildfire,34.919,2021-06-30T18:00:00Z
2021-06-27T17:49:34Z,76.0,-121.406,Wildfire,40.039,2021-07-09T08:02:17Z
2021-06-27T17:05:33Z,140.0,-119.735,Wildfire,36.932,2021-06-29T15:35:19Z
2021-06-28T10:52:00Z,35.0,-117.280416,Wildfire,34.20849,2021-07-01T09:14:18Z
2021-06-28T16:48:08Z,122.0,-117.050236,Wildfire,33.740058,2021-06-29T07:34:49Z
2021-06-28T16:07:00Z,35.0,-122.054254,,41.665191,2021-06-29T17:51:06Z
2021-06-28T16:07:00Z,10580.0,-122.054254,Wildfire,41.665191,2021-07-15T16:13:33Z
2021-06-28T18:14:00Z,118.0,-122.374848,Wildfire,41.917209,2021-07-03T17:12:39Z
2021-06-30T16:22:00Z,277.0,-119.25484409482164,Wildfire,37.02865766813302,2021-07-08T08:05:21Z
2021-06-30T14:55:56Z,12660.0,-122.348956,Wildfire,40.860525,2021-07-19T08:46:09Z
2021-06-30T20:49:00Z,,-120.24,Wildfire,40.74,
2021-07-02T16:04:00Z,,-120.3415,Fire,39.83203,
2021-07-03T11:34:00Z,173.0,-116.677511,Fire,33.119448,
2021-07-03T08:00:32Z,384.0,-119.017899,Wildfire,36.10007,2021-07-04T17:39:44Z
2021-07-04T09:26:06Z,105670.0,-120.3415,Wildfire,39.83203,2021-09-22T08:37:37Z
2021-07-04T14:49:36Z,868.0,-118.87933,Wildfire,34.808751,2021-07-12T13:22:50Z
2021-07-04T17:46:54Z,75.0,-119.393795,Wildfire,36.802809,2021-07-05T17:15:45Z
2021-07-05T16:34:58Z,1011.0,-120.638464,Wildfire,41.80728,2021-07-15T16:09:58Z
2021-07-07T14:30:00Z,80.0,-123.224377,Wildfire,39.253647,2021-07-09T08:20:37Z
2021-07-09T13:26:01Z,92.0,-121.05758,Fire,37.06047,2021-07-09T19:27:16Z
2021-07-09T16:41:27Z,110.0,-121.77593,Wildfire,41.28523,2021-07-15T11:39:40Z
2021-07-10T13:38:19Z,86.0,-116.6253,Wildfire,32.82731,2021-07-17T13:12:30Z
2021-07-11T09:22:05Z,128.0,-121.667665,Wildfire,37.865193,2021-07-11T16:22:18Z
2021-07-11T13:29:14Z,71.0,-118.81448,Wildfire,34.85178,2021-07-12T14:04:51Z
2021-07-11T14:10:26Z,9656.0,-119.869785,Wildfire,37.350823,2021-07-19T18:39:33Z
2021-07-11T15:08:43Z,357.0,-121.82403,Wildfire,41.25272,2021-07-15T15:59:36Z
2021-07-12T14:04:02Z,2965.0,-118.8745,Wildfire,37.8024,2021-07-30T09:43:42Z
2021-07-13T17:15:00Z,963309.0,-121.389439,Wildfire,39.871306,2021-10-25T07:45:46Z
2021-07-14T15:18:48Z,43.0,-122.64768,Wildfire,40.1703,2021-07-16T18:55:38Z
2021-07-14T15:34:10Z,35.0,-122.7418335,Wildfire,38.0975072,2021-07-15T07:13:02Z
2021-06-25T19:53:41Z,1320.0,-119.7512546,Wildfire,38.4504695,2021-07-30T09:47:10Z
2021-07-15T16:02:27Z,30.0,-116.634023,Wildfire,32.578481,
2021-07-04T11:57:58Z,68637.0,-119.8591887,Wildfire,38.6280042,2021-10-25T22:16:49Z
2021-07-17T17:40:13Z,43.0,-122.55195,Wildfire,39.999396,2021-07-20T15:36:44Z
2021-07-18T13:34:00Z,55.0,-120.45187,Wildfire,40.86955,2021-07-22T09:06:48Z
2021-07-20T13:52:41Z,50.0,-117.070814,Wildfire,33.889516,
2021-07-20T11:40:00Z,2098.0,-118.46461,Wildfire,35.41153,2021-08-13T11:55:13Z
2021-07-20T16:36:32Z,45.0,-121.24684,Wildfire,39.383922,2021-07-22T07:22:01Z
2021-07-23T00:00:00Z,25.0,-123.505,Fire,39.976,
2021-07-26T00:00:00Z,100.0,-118.722167,Wildfire,36.199833,2021-07-31T08:00:00Z
2021-07-28T00:00:00Z,171.0,-121.224797,Wildfire,36.476664,2021-07-31T19:21:56Z
2021-07-29T19:14:42Z,85.0,-120.8468224,Wildfire,40.183504,2021-08-08T11:55:53Z
2021-07-30T18:44:00Z,122653.0,-123.034,Fire,40.35,2021-09-16T18:00:00Z
2021-07-30T00:00:00Z,153.0,-120.867498,Wildfire,38.054116,2021-08-01T17:39:59Z
2021-07-31T00:00:00Z,340.0,-118.8217926,Wildfire,34.7479248,2021-08-01T09:36:42Z
2021-07-31T17:10:53Z,75.0,-120.560856,Wildfire,35.65927,
2021-08-01T11:28:25Z,145632.0,-121.9154934,Wildfire,41.5289901,2021-10-15T12:01:36Z
2021-08-01T00:00:00Z,50.0,-122.482826,Wildfire,40.466364,2021-08-01T20:47:13Z
2021-07-30T12:28:00Z,223124.0,-123.337,Wildfire,40.752,2021-10-26T13:15:01Z
2021-07-30T18:17:40Z,199359.0,-123.057,Wildfire,41.389,2021-10-26T13:14:31Z
2021-08-03T13:02:00Z,50.0,-117.65989,Wildfire,34.23604,2021-08-16T08:00:00Z
2021-08-04T00:00:00Z,60.0,-122.506112,Wildfire,40.604986,2021-08-10T20:50:02Z
2021-08-04T08:00:00Z,2619.0,-121.01468,Wildfire,39.08805,2021-08-13T19:54:07Z
2021-08-06T11:11:37Z,55.0,-121.53946,Wildfire,41.68499,
2021-08-07T00:00:00Z,20.0,-121.89008,Wildfire,41.034362,2021-08-13T08:44:38Z
2021-08-11T00:00:00Z,184.0,-121.30845,Wildfire,39.403918,2021-08-21T20:07:35Z
2021-08-13T00:00:00Z,22.0,-122.727542,Wildfire,38.250596,
2021-08-13T00:00:00Z,127.0,-122.581257,Wildfire,38.826123,2021-08-15T21:46:50Z
2021-08-14T00:00:00Z,50.0,-123.637032,Wildfire,39.834099,2021-08-19T19:48:14Z
2021-08-14T18:54:00Z,221835.0,-120.537833,Wildfire,38.586,2021-10-21T08:18:44Z
2021-08-16T16:05:54Z,8777.0,-118.555,Wildfire,36.268,2021-09-17T17:45:50Z
2021-08-18T12:34:00Z,83.0,-122.601395,Wildfire,38.928133,2021-08-23T07:00:00Z
2021-08-18T08:50:00Z,94962.0,-123.404,Fire,41.564,2021-11-02T11:43:33Z
2021-08-18T18:20:00Z,,-118.501515,Wildfire,35.674926,2021-10-20T12:02:29Z
2021-08-24T13:38:00Z,295.0,-116.659688,Wildfire,33.474823,2021-08-27T19:35:10Z
2021-08-25T00:00:00Z,10.0,-122.514391,Wildfire,40.616416,2021-08-25T20:04:50Z
2021-08-25T14:55:00Z,639.0,-120.454797,Wildfire,38.038795,2021-09-04T07:11:43Z
2021-08-25T16:11:00Z,680.0,-117.440263,Wildfire,34.186147,2021-09-02T15:25:13Z
2021-08-25T14:17:00Z,160.0,-116.877776,Wildfire,33.918089,2021-08-28T09:24:00Z
2021-08-25T15:33:00Z,59.0,-121.040771,Wildfire,39.216752,
2021-08-26T13:20:00Z,100.0,-120.402221,Wildfire,37.962933,2021-09-01T19:34:51Z
2021-08-28T11:25:00Z,50.0,-117.4546,Wildfire,34.25145,2021-09-02T20:01:42Z
2021-08-28T12:40:00Z,1427.0,-117.39309,Wildfire,33.484721,2021-09-01T07:02:27Z
2021-08-29T12:50:00Z,61.0,-117.466,Fire,34.34,2021-09-02T08:06:01Z
2021-08-29T08:00:00Z,2421.0,-123.6744,Wildfire,40.8652,2021-09-13T07:00:00Z
2021-08-30T13:30:00Z,16.0,-123.52733,Wildfire,41.03877,2021-09-08T16:25:07Z
2021-09-01T14:27:00Z,44.0,-122.6131992,Wildfire,38.0591827,
2021-09-05T10:40:20Z,46.0,-120.731748,Wildfire,38.529123,2021-09-07T08:39:06Z
2021-09-05T12:53:14Z,411.0,-121.036613,Wildfire,38.921239,2021-09-14T18:20:39Z
2021-09-05T15:50:14Z,54.0,-117.111157,Wildfire,33.380079,2021-09-09T16:46:17Z
2021-09-06T14:54:06Z,70.0,-120.09009,Wildfire,34.6776,2021-09-08T16:25:24Z
2021-09-11T16:06:47Z,464.0,-118.688821,Wildfire,34.569383,2021-09-17T14:00:00Z
2021-09-12T14:15:09Z,257.0,-123.202039,Wildfire,39.232362,2021-09-20T17:09:58Z
2021-09-09T12:00:00Z,,-118.625,Wildfire,36.058,2021-11-11T12:02:02Z
2021-09-10T07:00:00Z,,-118.811,Wildfire,36.567,2021-12-21T10:20:54Z
2021-09-17T13:34:00Z,,-118.760816,Wildfire,34.665169,
2021-09-19T11:40:00Z,42.0,-119.792528,Wildfire,36.89365,2021-09-19T18:53:21Z
2021-09-22T11:27:08Z,71.0,-117.333215,Wildfire,34.164501,2021-09-23T19:00:00Z
2021-09-22T14:25:00Z,116.0,-122.416983,Wildfire,38.269863,2021-09-23T07:09:40Z
2021-09-22T16:45:00Z,8578.0,-122.320243,Wildfire,40.729811,2021-10-02T18:53:52Z
2021-10-05T15:34:31Z,80.0,-123.02375,Wildfire,40.649917,2021-10-11T18:35:31Z
2021-10-11T14:35:42Z,24.0,-122.436754,Wildfire,40.287225,2021-10-12T16:48:30Z
2021-10-11T18:43:59Z,447.0,-119.960099,Wildfire,35.983649,2021-10-12T07:46:08Z
2021-10-11T20:02:23Z,132.0,-122.241128,Wildfire,38.170366,2021-10-12T18:16:30Z
2021-10-11T14:30:12Z,16970.0,-120.136,Wildfire,34.553,2021-11-20T08:34:41Z
2021-10-14T16:49:00Z,59.0,-122.277441,Wildfire,39.986836,2021-10-15T08:37:57Z
2021-10-15T15:15:00Z,200.0,-120.358206,Wildfire,41.862388,2021-10-16T19:25:23Z
2021-10-15T14:40:39Z,148.0,-121.752106,Wildfire,37.013464,
2021-10-24T13:40:00Z,150.0,-121.52692,Wildfire,37.62879,2021-10-24T16:38:08Z
2021-11-21T11:45:14Z,24.0,-117.487947,Fire,33.952633,2021-12-02T10:44:49Z
2022-01-21T17:19:00Z,687.0,-121.880533,Wildfire,36.396461,
2022-02-10T04:00:00Z,154.0,-117.805666,Wildfire,33.558085,
2022-02-16T16:06:41Z,4136.0,-118.371813,Wildfire,37.369355,2022-02-26T08:24:14Z
2022-03-02T11:06:00Z,,-117.5181037,Wildfire,33.6769121,2022-03-09T11:56:16Z
2022-03-01T17:15:00Z,21.0,-123.015106,Wildfire,38.46234,2022-03-06T19:31:38Z
2022-03-04T10:31:00Z,88.0,-122.4073,Wildfire,40.67671,
2022-03-12T11:35:00Z,120.0,-120.2770391,Wildfire,34.4687419,2022-03-17T09:09:35Z
2022-03-12T12:46:00Z,113.0,-121.9015432,Wildfire,41.9525087,2022-03-14T11:02:27Z
2022-03-12T13:17:00Z,12.0,-122.3685584,Wildfire,41.4455854,
2022-03-25T21:23:21Z,10.0,-121.692093,Wildfire,41.234712,2022-03-27T16:17:07Z
2022-03-26T18:18:21Z,,-116.099728,Wildfire,33.525345,2022-03-31T12:01:07Z
2022-04-09T17:55:59Z,,-120.4849,Wildfire,40.18494,
2022-04-27T13:56:00Z,10.0,-122.690559,Wildfire,40.44412,2022-04-30T09:24:18Z
2022-04-30T20:33:00Z,15.0,-115.916687,Wildfire,33.510716,2022-05-01T22:28:47Z
2022-05-06T12:51:00Z,60.0,-117.462367,Wildfire,34.018021,2022-05-07T18:59:37Z
2022-05-11T12:39:00Z,171.0,-119.443013,Fire,36.974622,
2022-05-11T14:51:00Z,200.0,-117.744398,Fire,33.509464,2022-05-17T07:54:49Z
2022-05-15T17:33:40Z,46.0,-116.900635,Fire,33.886637,2022-05-16T09:45:05Z
2022-05-16T18:36:01Z,25.0,-118.98167,Fire,36.051411,2022-05-16T09:15:52Z
2022-05-19T16:15:00Z,682.0,-118.873889,Wildfire,34.935583,
2022-05-20T12:08:00Z,28.0,-121.998735,Wildfire,38.015611,
2022-05-20T15:08:58Z,120.0,-122.049621,Wildfire,38.824462,
2022-05-20T15:10:00Z,36.0,-123.6641833,Wildfire,38.8733747,2022-05-22T19:07:49Z
2022-05-21T15:14:00Z,135.0,-122.051923,Fire,38.467322,
2022-05-24T11:27:12Z,90.0,-122.275649,Wildfire,40.150329,
2022-05-24T10:53:00Z,,-122.229859,Fire,39.761232,2022-05-25T10:09:59Z
2022-05-24T13:30:00Z,595.0,-122.0246463,Wildfire,39.2333948,2022-05-28T08:52:34Z
2022-05-24T15:00:00Z,48.0,-120.3564497,Wildfire,35.0155237,2022-05-24T17:30:15Z
2022-05-26T12:23:12Z,431.0,-116.447636,Wildfire,34.090619,2022-05-30T08:22:37Z
2022-05-26T21:31:18Z,5856.0,-114.484173,Wildfire,34.010838,2023-06-04T09:29:01Z
2022-05-31T15:35:00Z,570.0,-122.270417,Wildfire,38.370078,2022-06-05T16:03:21Z
2022-06-03T10:59:00Z,93.0,-118.721683,Wildfire,35.199501,
2022-06-04T23:15:00Z,60.0,-116.23339,Wildfire,33.59823,2022-06-08T10:06:57Z
2022-06-06T17:50:00Z,36.0,-120.56019,Wildfire,35.72373,2022-06-07T08:07:41Z
2022-06-06T16:47:00Z,95.0,-117.34635,Wildfire,34.31267,2022-06-10T08:17:41Z
2022-06-09T14:21:00Z,159.0,-121.696808,Wildfire,37.895892,
2022-06-09T15:53:00Z,54.0,-121.431372,Wildfire,39.385829,2022-06-11T17:07:51Z
2022-06-10T11:51:07Z,100.0,-121.776,Wildfire,40.05,2022-06-16T14:02:56Z
2022-06-11T02:49:16Z,517.0,-118.9253809,Fire,34.9324042,2022-06-14T19:00:00Z
2022-06-11T17:22:09Z,72.0,-121.392285,Wildfire,39.319804,
2022-06-12T06:45:19Z,865.0,-117.61508,Wildfire,34.355593,2023-06-22T09:29:24Z
2022-06-12T18:16:43Z,65.0,-116.5882585,Wildfire,32.8134303,2022-06-15T16:56:14Z
2022-06-13T14:56:33Z,577.0,-116.737119,Wildfire,32.614832,
2022-06-13T16:16:00Z,593.0,-122.45621,Wildfire,40.00919,2022-06-18T14:01:33Z
2022-06-21T10:08:00Z,70.0,-116.750667,Wildfire,32.567333,2022-06-22T19:48:03Z
2022-06-21T14:30:00Z,20.0,-122.27742,Wildfire,37.459222,2022-06-26T11:38:28Z
2022-06-22T18:41:00Z,2500.0,-118.889446,Wildfire,34.936618,2022-06-27T13:30:00Z
2022-06-22T12:00:00Z,66.0,-121.68694,Wildfire,39.37879,2022-06-22T20:01:02Z
2022-06-23T14:37:00Z,120.0,-122.191103,Wildfire,38.046255,
2022-06-23T13:47:38Z,71.0,-121.903018,Wildfire,37.642217,
2022-06-23T17:39:00Z,552.0,-121.556086,Wildfire,37.365652,2023-06-23T09:26:19Z
2022-06-23T14:15:00Z,26.0,-121.97785,Wildfire,38.42619,
2022-06-23T18:34:00Z,349.0,-121.97785,Wildfire,38.42619,2022-06-24T07:25:01Z
2022-06-24T12:20:00Z,90.0,-121.908735,Wildfire,37.97689,2022-06-24T17:20:49Z
2022-06-25T17:22:36Z,110.0,-117.462524,Wildfire,33.968307,2022-06-29T17:00:00Z
2022-06-26T08:13:12Z,12.0,-122.359698,Wildfire,41.317476,
2022-06-27T15:47:53Z,63.0,-122.796221,Wildfire,38.323263,2022-06-27T18:35:14Z
2022-06-27T16:27:00Z,113.0,-122.574563,Wildfire,38.163521,
2022-06-28T13:09:03Z,317.0,-122.55002,Wildfire,39.713372,
2022-06-28T11:57:00Z,387.0,-120.437395,Wildfire,35.136141,
2022-06-28T14:00:00Z,904.0,-121.192271,Wildfire,39.319145,2022-07-05T14:22:11Z
2022-06-29T12:53:35Z,,-115.71861,Wildfire,32.79106,
2022-06-30T15:18:00Z,328.0,-121.650851,Wildfire,39.524038,
2022-06-30T16:08:11Z,34.0,-121.366789,Wildfire,39.480813,
2022-07-01T13:31:00Z,52.0,-119.576797,Wildfire,37.013878,2022-07-03T18:00:00Z
2022-07-04T09:26:12Z,138.0,-120.819059,Wildfire,35.8640822,2022-07-05T18:00:00Z
2022-07-04T18:42:17Z,4470.0,-120.665415,Wildfire,38.334802,
2022-07-04T18:51:58Z,30.0,-121.430071,Wildfire,39.42972,
2022-07-05T17:15:00Z,20.0,-123.2055576,Wildfire,39.8166571,2022-07-06T07:00:00Z
2022-07-08T13:10:00Z,30.0,-121.372749,Wildfire,39.300253,2022-07-10T18:00:00Z
2022-07-07T14:13:08Z,4886.0,-119.614,Wildfire,37.499,2023-08-03T09:29:42Z
2022-07-09T15:36:05Z,166.0,-121.344587,Wildfire,39.020051,
2022-07-12T18:28:08Z,37.0,-116.8460273,Wildfire,32.7947379,2022-07-13T14:35:35Z
2022-07-13T16:56:00Z,115.0,-122.1347757,Wildfire,38.0936839,
2022-07-14T16:56:00Z,304.0,-122.3182313,Wildfire,40.4411992,2022-07-19T08:06:46Z
2022-07-14T17:46:00Z,74.0,-121.1183895,Wildfire,38.5570067,
2022-07-16T13:05:00Z,60.0,-122.433855,Wildfire,40.010233,2022-07-19T06:00:00Z
2022-07-17T12:27:36Z,38.0,-121.340201,Wildfire,38.9848309,2022-07-18T08:23:25Z
2022-07-17T11:25:17Z,100.0,-116.6077664,Wildfire,32.6077664,2022-07-19T17:00:00Z
2022-07-17T16:36:27Z,43.0,-123.598273,Wildfire,39.90557,2022-07-20T07:00:00Z
2022-07-18T13:13:00Z,421.0,-120.02107,Wildfire,37.481701,
2022-07-18T16:43:31Z,82.0,-121.27693,Wildfire,39.314076,2022-07-26T08:00:00Z
2022-07-19T12:25:00Z,17.0,-123.33756,Wildfire,39.058043,2022-07-22T18:30:00Z
2022-07-19T19:08:46Z,121.0,-121.656106,Wildfire,37.719206,2022-07-20T07:00:00Z
2022-07-21T14:22:00Z,64.0,-120.4422218,Wildfire,37.935092,2022-07-22T17:30:00Z
2022-07-21T15:21:00Z,104.0,-121.604728,Wildfire,36.8927679,2022-07-27T19:24:10Z
2022-07-22T14:10:00Z,19244.0,-119.9234728,Wildfire,37.5509366,
2022-07-26T16:24:00Z,20.0,-120.63742,Wildfire,38.75794,2022-07-28T19:30:24Z
2022-07-27T12:18:00Z,174.0,-116.7626279,Wildfire,33.0819687,
2022-07-27T15:08:00Z,39.0,-121.304167,Wildfire,39.323167,2022-08-02T11:03:00Z
2022-07-29T14:16:00Z,60138.0,-122.894782,Wildfire,41.833813,
2022-07-29T17:06:00Z,28.0,-117.3463886,Wildfire,34.312437,2022-07-31T13:09:50Z
2022-07-30T16:05:00Z,222.0,-118.4125811,Wildfire,35.5745007,
2022-07-30T18:06:00Z,31.0,-123.0213226,Wildfire,41.5734543,2022-08-05T18:30:00Z
2022-07-31T14:27:00Z,55.0,-119.1902259,Wildfire,36.6760553,
2022-07-30T21:17:00Z,85.0,-123.1193265,Wildfire,41.6430162,2022-08-07T11:51:04Z
2022-07-31T19:17:00Z,63.0,-122.988315,Wildfire,41.640867,2022-08-06T18:30:00Z
2022-08-02T13:35:00Z,127.0,-118.853671,Wildfire,36.378236,2022-08-06T18:15:26Z
2022-08-03T15:16:00Z,51.0,-120.50806,Wildfire,37.84349,2022-08-04T16:00:00Z
2022-08-04T09:05:00Z,34.0,-122.7825581,Wildfire,41.9708541,2022-08-09T09:56:00Z
2022-08-05T21:44:29Z,,-123.5862017,Wildfire,40.9269568,
2022-07-29T17:14:12Z,,-123.278,Wildfire,41.868,
2022-08-08T02:30:00Z,14.0,-121.211449,Wildfire,41.060445,2022-08-15T08:34:14Z
2022-08-10T14:17:00Z,,-120.008429,Wildfire,41.649229,
2022-08-10T16:07:00Z,149.0,-118.732882,Wildfire,34.765322,
2022-08-14T17:40:00Z,250.0,-118.6292243,Wildfire,35.2882644,2022-08-17T18:30:00Z
2022-08-15T15:48:00Z,19244.0,-120.9526,Wildfire,39.04941,2022-08-31T16:00:00Z
2022-08-15T17:15:00Z,325.0,-118.71829,Wildfire,36.17768,2022-08-28T12:00:00Z
2022-08-15T16:21:00Z,58.0,-121.97822,Wildfire,37.70049,2022-08-15T23:52:31Z
2022-08-16T12:38:00Z,,-121.23129,Wildfire,36.003814,
2022-08-17T17:31:09Z,53.0,-118.60811,Wildfire,34.48202,2022-08-18T19:18:02Z
2022-08-20T16:35:12Z,48.0,-121.1329,Wildfire,39.2805,2022-08-29T16:00:00Z
2022-08-20T19:26:17Z,14.0,-122.6556,Wildfire,38.9494,
2022-04-13T23:55:00Z,,-116.5185,Wildfire,32.8647,
2022-08-25T13:39:48Z,150.0,-117.8004523,Fire,34.2338842,
2022-08-27T11:43:00Z,44.0,-121.1103,Wildfire,39.0543,2022-08-29T16:00:00Z
2022-08-29T19:53:00Z,25.0,-123.9277,Wildfire,41.4672,2022-08-30T17:30:40Z
2022-08-29T07:53:00Z,26.0,-123.9477,Wildfire,41.4626,2022-09-01T17:00:00Z
2022-08-29T11:26:45Z,113.0,-117.8608,Wildfire,34.2026,2022-09-07T08:30:00Z
2022-08-31T12:01:00Z,5208.0,-118.6479,Wildfire,34.5255,2022-09-06T08:46:19Z
2022-08-31T14:17:00Z,4456.0,-116.707395,Wildfire,32.612181,
2022-09-01T12:13:00Z,34.0,-122.3975,Wildfire,40.5336,
2022-09-01T15:59:00Z,124.0,-123.3159,Wildfire,39.3669,
2022-09-01T20:40:00Z,21.0,-120.4013,Wildfire,37.968,
2022-09-02T12:49:00Z,3939.0,-122.3852,Wildfire,41.4303,2022-09-14T18:45:10Z
2022-09-02T16:18:02Z,73.0,-120.7489517,Wildfire,38.0182816,
2022-09-02T15:48:00Z,13440.0,-122.627469,Wildfire,41.459009,
2022-09-04T13:42:00Z,30.0,-117.246996,Wildfire,33.432924,2022-09-05T20:00:00Z
2022-09-05T12:00:00Z,50.0,-116.811345,Wildfire,33.064629,
2022-09-05T16:00:00Z,28098.0,-116.893227,Wildfire,33.717062,
2022-09-06T07:40:00Z,11.0,-120.816083,Wildfire,39.1252,2022-09-15T16:00:00Z
2022-09-05T11:52:15Z,1079.0,-116.882,Wildfire,34.177,2022-09-30T12:42:48Z
2022-09-06T15:15:00Z,16.0,-121.012313,Wildfire,35.580125,2022-09-06T20:20:00Z
2022-09-06T16:23:23Z,130.0,-119.485927,Wildfire,37.080478,
2022-09-06T18:00:00Z,76788.0,-120.7447,Wildfire,39.00591,2022-10-22T10:18:21Z
2022-09-07T15:30:00Z,819.0,-119.50881,Wildfire,37.21945,2022-09-14T18:58:36Z
2022-09-07T14:52:00Z,297.0,-121.839853,Wildfire,41.8739166,2022-09-13T19:19:08Z
2022-09-07T15:59:00Z,5843.0,-120.29122,Wildfire,41.87117,2022-09-28T12:43:26Z
2022-08-04T10:04:42Z,,-119.471,Wildfire,37.661,2023-06-14T09:30:08Z
2022-08-08T10:09:32Z,,-119.552,Wildfire,37.954,2024-12-11T15:00:36Z
2022-09-08T19:57:47Z,,-122.692408,Wildfire,41.793769,
2022-09-09T14:31:00Z,160.0,-121.81822,Wildfire,40.44109,2022-09-17T07:26:46Z
2022-09-13T12:51:00Z,48.0,-120.8266,Wildfire,39.1902,
2022-09-17T14:58:32Z,29.0,-121.2122,Wildfire,39.9929,
2022-09-21T07:29:00Z,,-118.752908,Wildfire,36.007323,
2022-09-23T15:23:00Z,,-117.1529,Wildfire,34.1776,
2022-09-27T08:54:50Z,30.0,-122.3414,Wildfire,41.4987,
2022-10-08T15:42:50Z,,-119.167059,Wildfire,34.560597,
2022-10-23T12:55:00Z,50.0,-118.50091,Wildfire,37.38939,2022-10-25T12:00:00Z
2022-05-15T09:49:29Z,500.0,0.0,Wildfire,34.610082,
2022-08-03T10:16:06Z,1400.0,-118.650278,Wildfire,36.319167,
2023-04-26T10:16:00Z,,-117.565833,Wildfire,34.293103,
2023-05-15T12:10:00Z,127.0,-116.092746,Wildfire,33.569342,2023-05-18T19:00:00Z
2023-05-20T20:34:18Z,,-116.0614,Wildfire,33.4626,2023-05-23T10:23:13Z
2023-05-21T17:45:00Z,10.0,-122.47542,Wildfire,40.417676,
2023-05-22T14:11:00Z,338.0,-117.033714,Wildfire,33.823424,2023-05-25T20:00:10Z
2023-05-30T11:32:00Z,123.0,-119.6801,Wildfire,36.9466,2023-05-30T18:36:07Z
2023-05-30T14:05:00Z,13.0,-121.3475,Wildfire,39.2349,
2023-06-01T16:46:00Z,108.0,-119.2971,Wildfire,36.678,2023-06-02T15:52:47Z
2023-06-03T14:26:46Z,65.0,-120.8991,Wildfire,36.7536,2023-06-04T12:36:39Z
2023-06-03T15:53:58Z,135.0,-118.8582,Wildfire,36.0322,2023-06-04T17:15:52Z
2023-06-04T17:38:50Z,72.0,-121.3319,Wildfire,36.4647,2023-06-05T18:49:09Z
2023-06-09T16:46:00Z,15.0,-119.304258,Wildfire,36.70984,
2023-06-10T15:07:00Z,25.0,-120.1499,Wildfire,37.4404,
2023-06-10T16:01:00Z,1088.0,-116.0533,Wildfire,33.896,2023-06-16T18:00:00Z
2023-06-14T16:41:00Z,21.0,-122.7145,Wildfire,39.023,2023-06-16T18:59:17Z
2023-06-15T14:06:00Z,32.0,-122.5955,Wildfire,40.2869,2023-06-16T19:00:58Z
2023-06-15T17:26:28Z,115.0,-121.3686,Wildfire,39.3256,
2023-06-16T17:36:16Z,103.0,-122.4379,Wildfire,38.6994,2023-06-19T06:00:00Z
2023-06-16T20:11:00Z,,-119.2043,Wildfire,36.9351,
2023-06-18T09:31:39Z,141.0,-119.0828,Wildfire,36.3002,
2023-06-18T11:31:00Z,640.0,-120.188,Wildfire,36.5737,2023-06-18T18:00:00Z
2023-06-20T23:38:00Z,37.0,-116.34461,Wildfire,32.734788,
2023-06-20T12:55:00Z,43.0,-117.201092,Wildfire,33.656034,
2023-06-21T10:19:00Z,25.0,-117.138268,Wildfire,33.984167,
2023-06-21T17:30:00Z,37.0,-120.3728742,Wildfire,37.8558452,2023-06-23T18:25:28Z
2023-06-23T11:00:00Z,59.0,-121.3801,Wildfire,39.258,2023-06-25T17:00:00Z
2023-06-25T13:20:00Z,74.0,-121.7676,Wildfire,37.9143,2023-06-25T14:30:00Z
2023-06-27T23:04:00Z,24.0,-119.0137,Wildfire,36.8675,2023-06-28T18:00:00Z
2023-06-27T15:30:41Z,68.0,-117.330286,Wildfire,33.787329,2023-06-29T18:00:00Z
2023-06-27T15:13:00Z,90.0,-117.0957,Wildfire,34.0568,2023-07-01T11:00:00Z
2023-06-30T14:11:00Z,25.0,-118.4252,Wildfire,34.9516,2023-06-30T19:00:00Z
2023-07-02T12:35:00Z,105.0,-120.798285,Wildfire,38.114444,2023-07-03T17:00:00Z
2023-07-03T15:18:03Z,,-119.46781,Wildfire,37.193819,2023-07-16T14:29:02Z
2023-07-03T17:32:00Z,14.0,-118.193056,Wildfire,34.516944,2023-07-03T20:00:00Z
2023-07-04T14:40:46Z,34.0,-117.186767,Wildfire,34.38695,2023-07-05T19:27:22Z
2023-07-04T17:45:00Z,18.0,-117.153554,Wildfire,33.838928,2023-07-04T19:45:00Z
2023-07-05T09:09:00Z,39.0,-116.078906,Wildfire,33.583941,2023-07-06T18:00:00Z
2023-07-05T18:26:37Z,56.0,-117.278984,Wildfire,33.837311,2023-07-06T16:00:00Z
2023-07-06T15:32:15Z,33.0,-117.0575,Wildfire,33.479,2023-07-07T16:00:00Z
2023-07-07T14:27:00Z,1044.0,-118.9033,Wildfire,34.8866,2023-07-11T17:40:00Z
2023-07-08T17:21:44Z,,-117.5072,Wildfire,34.0204,2023-07-08T20:30:53Z
2023-07-09T16:28:27Z,64.0,-116.5836,Wildfire,32.6003,2023-07-12T15:00:00Z
2023-07-09T18:31:43Z,391.0,-120.8169,Wildfire,35.8,2023-07-10T17:13:00Z
2023-07-11T12:43:00Z,12.0,-117.2616,Wildfire,33.8302,2023-07-11T19:14:00Z
2023-07-11T15:10:27Z,58.0,-120.98731,Wildfire,38.43948,
2023-07-11T14:22:00Z,30.0,-117.348,Wildfire,33.7505,2023-07-13T07:58:26Z
2023-07-11T16:46:00Z,35.0,-117.124,Wildfire,33.9364,2023-07-12T07:00:00Z
2023-07-11T18:11:00Z,71.0,-121.0089,Wildfire,38.2387,
2023-07-12T16:29:00Z,10.0,-117.300098,Wildfire,33.505725,2023-07-13T06:30:00Z
2023-07-13T20:39:00Z,12.0,-117.068009,Wildfire,33.821929,2023-07-14T20:37:00Z
2023-07-14T14:57:00Z,105.0,-116.946498,Wildfire,33.907342,2023-07-17T18:27:00Z
2023-07-14T15:30:00Z,8355.0,-117.070916,Wildfire,33.889467,2023-07-22T17:00:00Z
2023-07-15T15:28:00Z,336.0,-117.358124,Wildfire,33.817004,2023-07-21T17:00:00Z
2023-07-16T21:46:00Z,22.0,-122.466,Wildfire,39.2694,2023-07-19T12:09:59Z
2023-07-18T14:48:00Z,89.0,-122.5259,Wildfire,39.6685,2023-07-20T08:00:00Z
2023-07-18T20:59:23Z,15.0,-120.5689,Wildfire,36.1132,2023-07-19T16:00:00Z
2023-07-14T00:58:00Z,436.0,-117.2169,Wildfire,33.9835,2023-07-21T06:00:00Z
2023-07-19T23:32:00Z,296.0,-120.801732,Wildfire,36.490487,2023-07-22T06:00:00Z
2023-07-19T14:02:00Z,137.0,-117.4261,Wildfire,34.0182,2023-07-20T17:00:00Z
2023-07-24T16:15:00Z,162.0,-122.3232056,Wildfire,40.7316228,
2023-07-25T15:24:50Z,33.0,-119.1521739,Wildfire,36.6932792,
2023-07-25T15:25:00Z,70.0,-118.507954,Wildfire,34.356691,2023-07-27T08:22:04Z
2023-07-25T14:17:00Z,421.0,-118.326389,Wildfire,34.438333,2023-08-07T18:00:00Z
2023-07-26T14:17:00Z,65.0,-121.399989,Wildfire,39.446994,2023-08-03T14:53:38Z
2023-07-27T14:52:00Z,2323.0,-116.7247,Wildfire,33.4769,2023-08-07T08:32:11Z
2023-07-27T18:49:16Z,103.0,-116.9081,Wildfire,33.9372,2023-07-28T17:00:00Z
2023-07-28T21:28:00Z,20.0,-118.2148,Wildfire,35.6967,
2023-07-29T19:09:00Z,80.0,-121.6065,Wildfire,37.7356,2023-07-30T06:00:00Z
2023-07-30T11:56:00Z,100.0,-120.334625,Wildfire,35.458459,2023-08-02T20:26:50Z
2023-08-01T09:07:57Z,93078.0,-115.317389,Wildfire,35.191889,2023-08-19T18:00:00Z
2023-08-01T16:00:00Z,35.0,-119.988888,Wildfire,36.7611111,2023-08-02T20:26:18Z
2023-08-01T16:00:00Z,61.0,-120.181725,Wildfire,35.403564,
2023-08-01T10:04:00Z,20.0,-117.11938,Wildfire,33.7995,
2023-08-01T13:54:00Z,29.0,-120.8839,Wildfire,36.9648,
2023-08-01T14:26:00Z,1291.0,-118.875657,Wildfire,35.490591,2023-08-02T20:28:31Z
2023-08-02T23:44:00Z,95.0,-116.76111,Wildfire,33.91436,2023-08-02T09:50:00Z
2023-08-02T13:59:00Z,16.0,-116.84334,Wildfire,33.602019,
2023-08-03T14:28:00Z,68.0,-121.464716,Wildfire,37.368648,
2023-08-02T07:30:00Z,,-118.997325,Wildfire,34.847129,2023-08-07T08:00:00Z
2023-08-04T14:45:00Z,28.0,-122.624538,Wildfire,40.735974,2023-08-06T06:00:00Z
2023-08-04T14:49:00Z,88.0,-118.2951023,Wildfire,35.0990626,2023-08-06T07:01:33Z
2023-08-05T17:42:23Z,1120.0,-117.8875,Wildfire,35.78611,2023-08-19T17:00:00Z
2023-08-06T16:52:04Z,5228.0,-119.835808,Wildfire,35.614674,2023-08-07T18:00:00Z
2023-08-06T16:16:00Z,36.0,-116.3017,Fire,32.68535,
2023-08-09T11:18:00Z,184.0,-116.855731,Wildfire,32.994676,2023-08-11T16:00:00Z
2023-08-09T14:35:00Z,531.0,-117.150639,Wildfire,33.871189,2023-08-10T16:00:02Z
2023-08-09T14:00:00Z,68.0,-121.68793,Wildfire,39.377918,2023-08-09T18:00:00Z
2023-08-10T18:51:00Z,301.0,-119.0113,Wildfire,36.5323,2023-08-10T18:00:00Z
2023-08-10T18:47:45Z,75.0,-120.9783812,Wildfire,36.4392121,2023-08-11T20:00:00Z
2023-08-11T19:00:00Z,,-120.0175,Wildfire,35.0832,2023-08-12T08:00:00Z
2023-08-14T11:10:00Z,52.0,-118.6027987,Wildfire,35.1387962,2023-08-16T17:00:00Z
2023-08-15T17:56:00Z,695.0,-120.0574,Wildfire,35.4854,2023-08-16T06:19:00Z
2023-08-15T19:48:44Z,838.0,-121.5041,Wildfire,41.2477,2023-08-31T07:00:00Z
2023-08-16T08:28:40Z,4198.0,-122.94871,Wildfire,40.93686,2023-10-02T14:44:33Z
2023-08-16T08:35:57Z,473.0,-122.855,Wildfire,40.036944,2023-08-22T01:30:00Z
2023-08-15T07:00:00Z,95107.0,-123.868447,Wildfire,41.958269,2023-11-17T18:00:00Z
2023-08-16T15:35:53Z,,-120.788152,Wildfire,39.339386,
2023-08-16T17:31:03Z,72.0,-121.67208,Wildfire,37.18725,2023-08-23T14:24:10Z
2023-08-17T12:36:00Z,109.0,-122.3287,Wildfire,39.6194,2023-08-17T17:00:00Z
2023-08-17T12:11:00Z,466.0,-116.6415,Wildfire,32.6347,2023-08-20T18:00:00Z
2023-08-16T10:27:00Z,21725.0,-123.045093,Wildfire,41.777554,2023-10-31T01:30:00Z
2023-08-15T08:00:00Z,3929.0,-123.662677,Wildfire,40.623606,2023-11-01T18:00:00Z
2023-08-19T13:25:33Z,5464.0,-119.73328,Wildfire,34.9190169,2023-08-30T15:00:00Z
2023-08-20T11:16:48Z,50198.0,-123.611167,Wildfire,41.017222,2023-10-29T11:53:12Z
2023-09-06T15:30:00Z,28.0,-122.601667,Wildfire,38.903333,2023-09-11T12:27:51Z
2023-09-10T12:46:00Z,32.0,-120.7942,Wildfire,38.18291,2023-09-12T18:00:00Z
2023-09-12T15:35:00Z,14.0,-122.1796,Wildfire,38.3702,2023-09-13T17:30:00Z
2023-09-16T15:37:00Z,55.0,-118.616,Wildfire,35.2674,2023-09-17T18:18:00Z
2023-09-26T14:08:23Z,23.0,-117.279764,Wildfire,33.753608,
2023-10-06T12:05:00Z,243.0,-120.9739,Wildfire,35.5421,2023-10-09T18:48:44Z
2023-10-06T12:35:00Z,,-120.1959,Wildfire,34.5423,
2023-10-06T15:47:00Z,44.0,-121.07148,Wildfire,36.0295,
2023-10-07T14:49:04Z,36.0,-121.981732,Wildfire,38.265241,2023-10-10T15:15:56Z
2023-10-12T22:50:00Z,,-120.1924,Wildfire,35.2087,2023-10-17T17:00:00Z
2023-10-14T15:13:00Z,,-119.3594,Wildfire,37.2147,2023-10-27T17:00:00Z
2023-10-17T20:30:00Z,5.0,-116.857302,Wildfire,33.592915,
2023-10-29T15:29:00Z,24.0,-116.9196,Wildfire,32.598,2023-10-30T14:00:00Z
2023-10-30T12:37:00Z,2487.0,-116.82307,Wildfire,33.438207,2023-11-07T13:18:36Z
2023-10-30T14:14:00Z,124.0,-120.644,Wildfire,35.2808,2023-11-01T18:20:00Z
2023-11-09T12:15:00Z,211.0,-120.32318,Wildfire,34.55742,2023-11-13T06:00:00Z
2023-11-12T15:06:32Z,,-119.58333,Wildfire,35.15773,2023-11-14T14:06:00Z
2023-11-14T10:48:00Z,13.0,-116.99867,Wildfire,33.85008,
2023-11-14T16:25:00Z,15.0,-117.003584,Wildfire,33.839416,2023-11-14T09:05:00Z
2023-11-19T18:34:00Z,36.0,-116.246207,Wildfire,33.809953,
2023-11-20T10:38:00Z,35.0,-117.46406,Wildfire,33.8438665,
2023-11-23T13:50:00Z,39.0,-116.891493,Wildfire,32.723389,2023-11-28T12:20:00Z
2023-12-05T09:45:00Z,13.0,-116.7986,Wildfire,32.5666,2023-12-06T16:01:10Z
2023-12-09T09:21:00Z,65.0,-116.7635,Wildfire,33.9007,2023-12-11T12:35:20Z
2023-12-09T09:38:00Z,2715.0,-118.9938,Wildfire,34.327,2023-12-12T08:18:55Z
2023-12-15T12:20:00Z,181.0,-118.8696,Wildfire,35.5593,2023-12-15T18:52:47Z
2023-12-21T21:55:00Z,50.0,-116.7718,Wildfire,32.6036,2023-12-22T08:00:00Z
2023-08-16T02:22:13Z,2840.0,-123.5797,Wildfire,40.636317,
2023-09-09T19:32:00Z,9130.0,-119.991667,Wildfire,38.06095,2023-11-15T12:49:01Z
2024-02-20T23:57:00Z,239.0,-115.82784,Wildfire,33.5103795,2024-02-26T16:00:00Z
2024-02-27T12:27:41Z,11.0,-121.084104,Wildfire,35.81148,2024-02-27T23:00:00Z
2024-04-03T23:30:00Z,104.0,-118.026767,Wildfire,36.316401,
2024-04-12T13:25:59Z,,-121.83332,Wildfire,38.05686,
2024-04-12T13:53:46Z,241.0,-119.39529,Wildfire,35.153062,
2024-04-21T14:42:00Z,18.0,-121.070752,Wildfire,39.494086,
2024-04-21T17:26:00Z,181.4,-120.097738,Wildfire,35.817759,
2024-04-26T18:54:10Z,475.0,-120.360998,Wildfire,36.730979,
2024-04-30T10:52:10Z,12.0,-120.99063,Wildfire,37.020145,
2024-05-02T13:41:00Z,1479.0,-119.33179,Wildfire,35.04847,2024-05-03T09:00:00Z
2024-05-04T17:29:05Z,12.8,-118.23,Wildfire,34.9117,
2024-05-04T22:09:22Z,13.8,-116.55819,Wildfire,33.858369,
2024-05-02T20:26:30Z,95.0,-121.201005,Wildfire,38.902253,
2024-05-07T14:08:25Z,36.6,-116.807061,Wildfire,33.9208,2024-05-08T12:41:30Z
2024-05-07T18:34:10Z,40.0,-116.774124,Wildfire,33.903392,
2024-05-10T10:15:00Z,353.0,-118.9429,Wildfire,35.7193,
2024-05-11T11:54:49Z,23.8,-120.340061,Wildfire,36.362559,
2024-05-11T13:46:52Z,40.0,-120.192362,Wildfire,36.137571,
2024-05-11T16:45:53Z,15.0,-116.711161,Wildfire,32.571374,
2024-05-11T17:28:23Z,148.0,-117.601135,Wildfire,35.388107,
2024-05-12T18:49:21Z,80.0,-117.339379,Wildfire,34.602884,
2024-05-13T13:38:30Z,18.0,-116.8004,Wildfire,32.7754088,
2024-05-14T12:34:22Z,13.6,-116.8539685,Wildfire,33.471139,2024-05-15T04:35:00Z
2024-05-14T13:25:44Z,12.0,-120.652034,Wildfire,37.244144,
2024-05-15T11:41:10Z,132.0,-118.7503007,Wildfire,35.4759526,
2024-05-15T18:21:47Z,10.0,-121.449913,Wildfire,39.693268,
2024-05-15T20:53:20Z,29.0,-120.801731,Wildfire,36.490486,
2024-05-17T00:18:41Z,186.0,-120.33456,Wildfire,36.2748148,
2024-05-17T13:32:37Z,,-120.811491,Wildfire,35.829559,
2024-05-18T14:47:29Z,27.0,-116.583317,Wildfire,33.984278,2024-05-18T16:33:00Z
2024-05-20T07:45:00Z,121.0,-118.99692,Wildfire,34.96545,2024-05-20T18:45:00Z
2024-05-20T08:26:44Z,12.0,-122.129559,Wildfire,40.014819,
2024-05-21T15:38:53Z,19.0,-122.476758,Wildfire,39.598771,
2024-05-21T13:31:09Z,536.0,-120.31,Wildfire,41.2449,
2024-05-22T12:49:26Z,17.0,-117.170895,Wildfire,33.02113,2024-05-22T21:00:00Z
2024-05-23T16:33:53Z,11.0,-121.908346,Wildfire,39.539678,2024-05-24T01:45:00Z
2024-05-25T10:14:38Z,191.0,-120.8471351,Wildfire,36.5097274,2024-05-28T19:30:00Z
2024-05-25T12:27:38Z,18.0,-117.340976,Wildfire,33.812223,
2024-05-25T12:01:34Z,34.0,-116.901498,Wildfire,33.895775,
2024-05-25T14:21:00Z,397.5,-118.2554355,Wildfire,34.8492868,
2024-05-25T16:19:54Z,47.0,-120.771299,Wildfire,36.850279,
2024-05-25T15:59:40Z,12.6,-119.7858,Wildfire,36.67799,
2024-05-26T11:32:55Z,12.0,-116.76972,Wildfire,32.57583,
2024-05-26T18:31:45Z,57.7,-120.944834,Wildfire,38.017376,
2024-05-26T17:44:30Z,47.0,-119.689804,Wildfire,37.01741,
2024-05-27T14:29:48Z,22.4,-118.05215,Wildfire,34.50941,
2024-05-28T04:34:43Z,150.0,-120.393699,Wildfire,36.43706,
2024-05-28T12:15:00Z,1383.0,-119.5572279,Wildfire,34.8936966,2024-06-01T09:19:58Z
2024-05-28T15:32:47Z,29.0,-119.158199,Wildfire,36.68768,
2024-05-28T15:19:33Z,34.0,-116.600203,Wildfire,33.925778,2024-05-28T18:00:00Z
2024-05-28T17:50:59Z,35.0,-120.389098,Wildfire,36.501499,
2024-05-28T16:31:00Z,116.0,-119.558308,Wildfire,35.180776,2024-05-29T00:00:00Z
2024-05-28T19:29:11Z,15.0,-116.917099,Wildfire,33.896179,2024-06-29T09:00:00Z
2024-05-28T22:09:08Z,19.5,-121.392475,Wildfire,38.728881,
2024-05-29T02:45:20Z,762.0,-120.314598,Wildfire,36.734329,
2024-05-28T23:26:32Z,35.0,-119.520906,Wildfire,36.617148,
2024-05-29T12:35:55Z,13.0,-120.634375,Wildfire,37.828925,
2024-05-29T15:08:22Z,188.0,-119.915199,Wildfire,35.85008,2024-05-29T18:34:00Z
2024-05-30T09:00:08Z,12.0,-122.398582,Wildfire,40.089713,
2024-05-30T12:14:14Z,32.0,-116.718429,Wildfire,33.56557,2024-05-31T21:44:48Z
2024-05-30T12:21:07Z,187.0,-116.44756,Wildfire,32.99611,
2024-05-30T13:17:40Z,827.0,-119.962104,Wildfire,37.081421,
2024-05-30T13:53:25Z,10.0,-119.601701,Wildfire,36.842961,
2024-05-30T14:44:18Z,1300.0,-120.25511,Wildfire,36.87565,
2024-05-28T14:58:23Z,10.0,-116.792378,Wildfire,34.879647,
2024-05-28T15:51:50Z,10.0,-116.815632,Wildfire,34.88011,
2024-05-28T17:47:28Z,10.0,-116.663042,Wildfire,34.812972,
2024-05-30T17:16:54Z,124.5,-118.25483,Wildfire,34.72107,
2024-05-31T12:40:33Z,109.0,-119.7939,Wildfire,37.01047,
2024-05-31T13:39:03Z,18.0,-117.505873,Wildfire,33.975351,2024-06-01T18:32:23Z
2024-05-31T15:44:00Z,98.0,-118.4733,Wildfire,35.601284,
2024-05-31T15:15:00Z,201.0,-119.698014,Wildfire,34.9592,2024-06-01T13:59:37Z
2024-05-31T15:22:10Z,22.0,-120.425878,Wildfire,37.565014,2024-06-01T09:25:54Z
2024-05-31T22:24:23Z,616.0,-118.82214,Wildfire,35.442336,2024-06-01T19:30:46Z
2024-06-01T02:28:09Z,36.0,-119.238103,Wildfire,36.573169,
2024-06-01T14:39:21Z,14168.0,-121.50259,Wildfire,37.633908,
2024-06-01T12:35:44Z,250.0,-116.806666,Wildfire,32.577083,
2024-06-01T20:55:50Z,27.2,-120.044449,Wildfire,36.974519,2024-06-02T00:00:00Z
2024-06-02T13:58:01Z,13.0,-116.927045,Wildfire,33.790804,
2024-05-30T22:35:41Z,1575.0,-118.254,Wildfire,34.91,
2024-06-03T01:06:00Z,86.0,-118.401334,Wildfire,35.619008,
2024-06-03T16:21:34Z,95.0,-121.568029,Wildfire,37.714616,
2024-06-03T17:09:55Z,40.0,-117.118935,Wildfire,34.68341,
2024-06-04T11:44:27Z,17.0,-120.524741,Wildfire,37.842308,
2024-06-04T11:57:07Z,25.0,-120.657895,Wildfire,36.916374,
2024-06-04T17:04:00Z,1088.0,-119.48669,Wildfire,35.113531,
2024-06-05T10:14:55Z,30.0,-117.403656,Wildfire,34.013717,
2024-06-05T11:46:38Z,331.2,-120.094361,Wildfire,35.37367,
2024-06-05T13:40:12Z,60.0,-122.494472,Wildfire,38.55954,2024-06-08T06:58:49Z
2024-06-06T05:30:45Z,34.0,-120.729222,Wildfire,36.777907,2024-06-06T08:00:00Z
2024-06-06T11:07:27Z,210.5,-119.94084,Wildfire,35.85594,
2024-06-06T13:14:49Z,47.0,-116.980503,Wildfire,33.910994,2024-06-06T20:20:00Z
2024-06-06T15:59:13Z,403.0,-118.30848,Wildfire,34.82333,2024-06-07T12:25:00Z
2024-06-06T16:55:00Z,55.0,-118.46771,Wildfire,35.692183,
2024-06-06T14:05:28Z,3600.0,-119.69294,Wildfire,35.735279,
2024-06-07T05:56:23Z,34.0,-120.764998,Wildfire,36.786999,
2024-06-07T11:04:34Z,22.8,-121.765839,Wildfire,37.904572,
2024-06-07T15:33:48Z,54.0,-119.514348,Wildfire,36.991558,
2024-06-07T14:54:47Z,14.4,-117.052745,Wildfire,33.487833,2024-06-07T07:00:00Z
2024-06-07T18:57:04Z,30.0,-120.834941,Wildfire,36.928296,2024-06-07T21:31:41Z
2024-06-07T20:26:31Z,25.0,-117.451094,Wildfire,34.520882,
2024-06-07T19:48:25Z,11.0,-122.520453,Wildfire,41.474683,
2024-06-08T11:02:52Z,44.0,-121.702293,Wildfire,37.72154,
2024-06-08T13:34:00Z,903.0,-119.031458,Wildfire,35.64995,
2024-06-08T15:48:50Z,110.0,-117.08492,Wildfire,32.84445,
2024-06-08T15:39:49Z,50.0,-120.772339,Wildfire,35.774138,
2024-06-09T09:35:00Z,50.0,-118.386667,Wildfire,35.346667,2024-06-11T08:00:00Z
2024-06-09T17:14:18Z,55.0,-121.91945,Wildfire,38.00994,
2024-06-09T17:52:59Z,41.1,-117.785551,Wildfire,34.51346,
2024-06-10T10:52:00Z,24.9,-122.232365,Wildfire,40.111484,
2024-06-10T11:41:00Z,23.0,-121.309465,Wildfire,39.133016,
2024-06-10T13:29:30Z,15.0,-120.79181,Wildfire,38.1179241,
2024-06-10T17:49:24Z,28.0,-122.444022,Wildfire,41.900664,2024-06-13T18:58:12Z
2024-06-11T07:53:56Z,23.0,-121.660326,Wildfire,37.719182,
2024-06-11T11:45:58Z,17.0,-122.172379,Wildfire,40.354308,
2024-06-11T12:31:08Z,472.0,-117.16739,Wildfire,34.72209,
2024-06-11T12:48:59Z,64.3,-116.75466,Wildfire,33.91768,
2024-06-11T14:57:16Z,10.0,-120.102025,Wildfire,36.074598,
2024-06-11T15:51:07Z,17.0,-118.09927,Wildfire,34.65729,2024-06-11T19:15:00Z
2024-06-11T16:13:34Z,126.0,-117.188996,Wildfire,34.89273,
2024-06-11T15:15:00Z,214.0,-119.071667,Wildfire,35.506667,
2024-06-12T12:13:49Z,1410.0,-119.953932,Wildfire,35.293114,
2024-06-12T15:34:05Z,119.0,-121.17954,Wildfire,38.59179,
2024-06-12T17:13:14Z,30.0,-117.686469,Wildfire,34.498542,
2024-06-13T12:42:35Z,19.5,-121.033739,Wildfire,38.177683,
2024-06-13T17:47:00Z,21.9,-120.028888,Wildfire,39.879737,
2024-06-14T16:40:42Z,30.0,-119.53449,Wildfire,35.50256,
2024-06-15T09:48:59Z,19.1,-121.73844,Wildfire,37.28197,
2024-06-15T13:47:00Z,15563.1,-118.8521,Wildfire,34.79208,2024-06-26T18:11:58Z
2024-06-15T15:20:59Z,1056.0,-121.518592,Wildfire,39.369439,2024-06-18T17:18:23Z
2024-06-15T17:05:07Z,642.0,-120.986676,Wildfire,36.400976,2024-06-20T06:02:13Z
2024-06-15T16:02:34Z,17.7,-121.355159,Wildfire,39.548761,
2024-06-15T16:55:18Z,15.0,-119.673538,Wildfire,37.207647,2024-06-16T11:56:30Z
2024-06-15T17:21:25Z,300.0,-118.29017,Wildfire,34.73279,2024-06-15T08:09:00Z
2024-06-15T18:49:39Z,1078.0,-117.28811,Wildfire,34.30769,
2024-06-16T12:19:53Z,876.5,-121.28408,Wildfire,38.52658,
2024-06-16T13:13:44Z,890.0,-117.06443,Wildfire,33.943389,
2024-06-16T12:33:55Z,1207.0,-123.012253,Wildfire,38.705475,2024-06-24T17:30:53Z
2024-06-16T11:15:56Z,30.0,-116.099983,Wildfire,32.655183,2024-06-16T20:00:10Z
2024-06-16T14:19:26Z,12.5,-117.335667,Wildfire,34.369667,
2024-06-16T14:53:31Z,86.0,-120.635371,Wildfire,37.097775,
2024-06-16T15:46:34Z,337.6,-118.27108,Wildfire,34.67529,
2024-06-16T16:33:21Z,45.0,-122.23967,Wildfire,40.72052,
2024-06-16T17:04:14Z,12.8,-116.583039,Wildfire,33.984079,
2024-06-17T11:35:11Z,126.0,-116.569117,Wildfire,33.847642,
2024-06-17T13:47:02Z,33.0,-120.383187,Wildfire,36.996139,
2024-06-17T14:05:18Z,13.0,-120.056215,Wildfire,37.010829,
2024-06-17T13:39:25Z,19195.0,-122.46934,Wildfire,39.31646,
2024-06-17T14:31:36Z,81.2,-118.946399,Wildfire,35.942249,2024-06-17T17:32:51Z
2024-06-17T13:41:22Z,15.0,-121.855352,Wildfire,36.311477,
2024-06-17T14:03:14Z,585.0,-121.24438,Wildfire,38.54166,2024-06-19T14:06:36Z
2024-06-17T15:23:08Z,5284.8,-120.684174,Wildfire,38.031684,
2024-06-17T16:56:57Z,12.0,-120.968478,Wildfire,37.15858,
2024-06-18T19:02:01Z,51.3,-120.50804,Wildfire,37.843349,
2024-06-19T11:32:30Z,528.0,-119.462711,Wildfire,35.32752,2024-06-19T13:07:44Z
2024-06-19T14:08:48Z,38.0,-122.984408,Wildfire,39.118221,
2024-06-19T15:50:28Z,123.0,-118.878444,Wildfire,35.382,2024-06-19T13:07:13Z
2024-06-19T17:23:23Z,25.0,-120.653749,Wildfire,36.960029,
2024-06-19T19:04:38Z,137.0,-118.828001,Wildfire,36.016118,
2024-06-20T10:13:06Z,20.0,-122.234173,Wildfire,38.220139,2024-06-21T13:10:08Z
2024-06-20T13:07:10Z,12.5,-121.303342,Wildfire,39.458459,2024-06-23T10:28:48Z
2024-06-20T18:26:58Z,15.0,-121.392475,Wildfire,38.728881,
2024-06-21T05:03:14Z,58.0,-121.057483,Wildfire,37.060845,2024-06-21T13:27:12Z
2024-06-21T08:44:26Z,11.0,-119.791537,Wildfire,37.313117,
2024-06-21T12:09:00Z,546.0,-119.96709,Wildfire,35.60366,2024-06-21T18:57:12Z
2024-06-21T20:00:43Z,10.2,-120.835545,Wildfire,35.87405,
2024-06-22T15:15:57Z,213.0,-119.91267,Wildfire,37.154953,2024-06-24T18:09:30Z
2024-06-22T15:12:41Z,137.0,-116.894511,Wildfire,32.58748,2024-06-24T22:01:04Z
2024-06-22T16:22:56Z,90.0,-119.419517,Wildfire,36.91237,
2024-06-22T16:50:32Z,70.0,-114.61131,Wildfire,34.85092,
2024-06-22T22:47:54Z,2.0,-119.090599,Wildfire,36.274399,2024-06-23T10:27:02Z
2024-06-23T03:29:53Z,13.3,-116.927015,Wildfire,33.653953,
2024-06-24T14:54:47Z,133.0,-118.137537,Wildfire,34.974609,
2024-06-24T15:43:14Z,11.5,-117.55522,Wildfire,33.89433,
2024-06-24T15:56:24Z,142.0,-119.35579,Wildfire,36.68179,
2024-06-24T16:07:29Z,52.0,-120.00789,Wildfire,37.42087,
2024-06-24T15:41:47Z,12.0,-120.656478,Wildfire,37.814796,2024-06-24T19:28:44Z
2024-06-24T17:07:21Z,438.0,-121.3909,Wildfire,38.82437,2024-06-25T12:23:37Z
2024-06-24T17:32:38Z,215.0,-120.956888,Wildfire,38.029246,
2024-06-24T19:21:07Z,691.0,-121.482631,Wildfire,39.418598,
2024-06-24T15:35:50Z,19.0,-120.171776,Wildfire,37.557104,
2024-06-25T15:36:37Z,110.0,-119.956633,Wildfire,35.61181,
2024-06-25T16:30:19Z,11.0,-123.019703,Wildfire,38.845861,
2024-06-24T15:01:00Z,10616.0,-119.345863,Wildfire,36.78113,
2024-06-25T19:28:04Z,12.0,-119.3226,Wildfire,36.631882,
2024-06-25T22:38:03Z,300.0,-118.93111,Wildfire,35.48989,
2024-06-25T22:00:46Z,53.9,-120.596351,Wildfire,37.732422,
2024-06-26T09:28:05Z,20.0,-121.596245,Wildfire,37.744764,
2024-06-26T10:29:31Z,14023.0,-119.110336,Wildfire,36.868064,2024-07-20T22:10:12Z
2024-06-26T16:04:14Z,355.5,-118.325308,Wildfire,34.72313,
2024-06-26T14:52:24Z,890.0,-121.239191,Wildfire,41.884414,
2024-06-26T15:18:57Z,250.0,-121.777999,Wildfire,37.933129,
2024-06-27T11:21:36Z,210.0,-121.457333,Wildfire,37.672148,
2024-06-27T15:12:07Z,85.0,-122.544406,Wildfire,40.477613,
2024-06-27T14:55:00Z,36.0,-121.533535,Wildfire,39.5281902,2024-07-01T18:38:55Z
2024-06-28T08:31:31Z,2160.0,-118.49,Wildfire,38.000167,
2024-06-28T09:07:20Z,99.5,-121.994709,Wildfire,40.402809,
2024-06-28T10:45:41Z,27.0,-120.80076,Wildfire,38.197384,
2024-06-24T19:19:00Z,528.0,-119.985167,Wildfire,38.163167,
2024-06-28T12:18:57Z,41.0,-121.36663,Wildfire,37.422757,
2024-06-28T17:41:31Z,202.0,-120.202099,Wildfire,35.782724,
2024-06-28T16:33:01Z,10.8,-119.50857,Wildfire,37.06783,
2024-06-28T20:42:19Z,255.0,-121.08223,Wildfire,36.21923,
2024-06-29T12:25:23Z,344.0,-117.061943,Wildfire,33.94343,
2024-06-29T15:31:42Z,5.0,-121.5458,Wildfire,37.520283,
2024-06-29T15:22:59Z,16.0,-120.930485,Wildfire,38.895723,2024-07-01T18:37:03Z
2024-06-29T21:02:55Z,471.0,-117.74823,Wildfire,35.486517,2024-07-02T18:58:56Z
2024-06-30T14:25:35Z,21.6,-118.64093,Wildfire,34.45733,
2024-06-30T15:21:20Z,400.0,-117.43441,Wildfire,34.04119,2024-07-01T07:51:49Z
2024-06-30T12:23:56Z,29.8,-119.95363,Wildfire,35.279739,
2024-06-30T13:00:21Z,80.0,-121.335653,Wildfire,37.438803,
2024-07-01T10:34:01Z,43.1,-116.47191,Wildfire,32.717444,2024-07-01T22:30:23Z
2024-07-01T14:33:00Z,15.0,-117.977028,Wildfire,35.434012,2024-07-01T22:31:13Z
2024-07-01T15:34:44Z,1595.0,-116.231794,Wildfire,32.660837,
2024-07-01T14:29:58Z,35.3,-117.834801,Wildfire,34.432003,2024-07-03T08:45:00Z
2024-07-01T18:59:26Z,10.0,-120.52602,Wildfire,40.408993,
2024-07-02T09:42:17Z,41.0,-122.585297,Wildfire,38.63744,
2024-07-02T10:51:00Z,3789.0,-121.5467,Wildfire,39.53793,
2024-07-02T10:27:27Z,19.3,-122.760479,Wildfire,40.386141,
2024-07-02T13:13:39Z,25.0,-121.91466,Wildfire,38.242509,
2024-07-02T14:06:15Z,22.5,-116.616755,Wildfire,32.582559,
2024-07-02T13:56:12Z,1295.0,-121.22114,Wildfire,36.65921,
2024-07-02T15:40:31Z,51.0,-120.774929,Wildfire,38.63826,
2024-07-02T10:36:27Z,13.0,-117.899544,Wildfire,35.608374,2024-07-02T09:11:00Z
2024-07-02T15:34:42Z,18.0,-117.264072,Wildfire,33.79682,2024-07-03T15:08:17Z
2024-07-02T17:08:32Z,200.0,-118.750959,Wildfire,35.470889,2024-07-03T22:36:59Z
2024-07-03T13:47:23Z,133.0,-118.742209,Wildfire,34.294625,
2024-07-03T14:31:29Z,1310.0,-119.9569496,Wildfire,35.612809,
2024-07-03T14:36:02Z,59.8,-118.816667,Wildfire,35.633333,
2024-07-03T13:35:37Z,15520.0,-123.057551,Wildfire,41.465297,
2024-07-03T14:28:00Z,830.0,-118.3970832,Wildfire,35.10995,
2024-07-03T15:37:03Z,16.0,-122.607362,Wildfire,38.91033,
2024-07-03T15:05:24Z,22.9,-121.392532,Wildfire,38.736113,
2024-07-03T16:14:41Z,98.0,-122.415486,Wildfire,40.439362,
2024-07-03T15:47:38Z,11.0,-120.757128,Wildfire,36.786172,2024-07-03T17:51:00Z
2024-07-03T17:17:57Z,10.0,-121.507399,Wildfire,39.43511,
2024-07-03T16:04:30Z,11.0,-121.161253,Wildfire,38.493205,
2024-07-03T19:40:53Z,80.0,-118.1935,Wildfire,34.573279,
2024-07-04T02:57:20Z,323.0,-121.23728,Wildfire,37.46973,
2024-07-04T12:09:40Z,17.0,-117.23049,Wildfire,33.72325,
2024-07-04T14:41:20Z,31.9,-122.30328,Wildfire,40.2003,
2024-07-04T16:09:02Z,75.0,-119.2071,Wildfire,35.25322,
2024-07-04T17:20:00Z,17.8,-121.074404,Wildfire,38.483838,
2024-07-04T18:33:00Z,908.0,-119.9771,Wildfire,37.50959,
2024-07-04T19:03:39Z,65.0,-117.191529,Wildfire,33.928252,
2024-07-04T20:10:07Z,5.0,-117.5124,Wildfire,34.50711,2024-07-05T08:00:00Z
2024-07-04T21:15:00Z,7.5,-121.35037,Wildfire,39.54992,
2024-07-04T22:57:53Z,10.0,-120.206748,Wildfire,37.09824,
2024-07-04T22:33:48Z,10.0,-120.032252,Wildfire,36.974414,
2024-07-05T00:21:19Z,14.4,-120.460411,Wildfire,37.396908,
2024-07-05T10:52:26Z,57.0,-122.04948,Wildfire,40.494374,
2024-07-05T14:14:27Z,71.0,-117.113903,Wildfire,33.757944,
2024-07-05T13:19:40Z,60.0,-120.05765,Wildfire,35.82553,
2024-07-05T15:48:46Z,38664.0,-120.044833,Wildfire,34.785,2024-08-04T23:07:45Z
2024-07-05T17:22:34Z,77.0,-118.506107,Wildfire,34.4792756,
2024-07-05T17:47:00Z,13.6,-118.853661,Wildfire,34.173631,
2024-07-05T17:27:36Z,19.1,-122.539089,Wildfire,40.200879,
2024-07-06T11:19:05Z,11.0,-122.907373,Wildfire,38.742834,
2024-07-06T14:08:27Z,77.0,-120.7549,Wildfire,38.7231,
2024-07-06T15:57:23Z,75.0,-117.131163,Wildfire,34.5444065,
2024-07-06T15:24:26Z,419.0,-117.03341,Wildfire,34.45196,2024-07-08T17:00:46Z
2024-07-06T16:33:52Z,48.5,-117.3048,Wildfire,33.964275,
2024-07-06T16:57:37Z,55.0,-120.325444,Wildfire,37.7133123,
2024-07-06T14:02:00Z,14.2,-118.90918,Wildfire,34.19518,
2024-07-06T21:18:00Z,150.0,-114.276308,Wildfire,34.169517,
2024-07-07T10:00:38Z,2936.0,-117.606101,Wildfire,34.292101,
2024-07-07T13:35:01Z,11.0,-117.293584,Wildfire,33.788907,
2024-07-07T15:38:45Z,4685.0,-120.503588,Wildfire,41.256864,2024-07-14T22:44:26Z
2024-07-07T16:09:49Z,215.0,-120.4168,Wildfire,39.2393,
2024-07-07T19:34:34Z,10.4,-120.998125,Wildfire,37.081199,
2024-07-08T11:15:19Z,27.0,-121.696665,Wildfire,37.66504,
2024-07-08T14:49:06Z,31.0,-119.242623,Wildfire,36.640352,
2024-07-08T14:04:51Z,98.0,-123.38746,Wildfire,39.970543,
2024-07-08T16:02:48Z,411.0,-122.392257,Wildfire,41.884429,2024-07-15T22:35:23Z
2024-07-08T18:10:18Z,53.0,-120.645939,Wildfire,35.591462,
2024-07-08T22:18:24Z,60.0,-118.651434,Wildfire,35.273067,
2024-07-09T02:10:15Z,509.0,-118.801528,Wildfire,36.026333,
2024-07-09T12:33:42Z,20.0,-121.736403,Wildfire,37.201128,
2024-07-09T15:59:42Z,35.0,-118.023431,Wildfire,34.7192091,
2024-07-09T19:12:11Z,93.0,-120.8765,Wildfire,36.6067,
2024-07-10T14:46:39Z,20.3,-118.3211,Wildfire,34.60698,
2024-07-10T14:30:50Z,87.0,-118.3404,Wildfire,34.43725,
2024-07-10T17:46:39Z,85.0,-123.7729,Wildfire,40.11416,
2024-07-09T16:17:00Z,277.0,-118.783698,Wildfire,34.400099,
2024-07-10T18:20:04Z,20.8,-120.03505,Wildfire,39.803617,
2024-07-11T15:44:34Z,130.0,-121.49395,Wildfire,39.40436,
2024-07-11T11:34:30Z,10.0,-116.165773,Wildfire,32.636552,
2024-07-12T11:59:04Z,50.0,-116.87638,Wildfire,33.95319,
2024-07-12T13:17:57Z,29.2,-120.433304,Wildfire,35.9001968,
2024-07-12T13:49:01Z,260.3,-121.332377,Wildfire,38.8364594,
2024-07-12T13:31:45Z,101.0,-117.02173,Wildfire,33.485557,2024-07-14T22:55:17Z
2024-07-12T14:09:30Z,20.0,-120.595644,Wildfire,37.112938,
2024-07-12T17:37:56Z,50.0,-119.242617,Wildfire,35.2928626,
2024-07-13T10:54:01Z,12703.0,-119.695667,Wildfire,35.199333,
2024-07-13T09:24:44Z,161.0,-119.531779,Wildfire,35.009077,
2024-07-13T11:09:42Z,5646.4,-118.533425,Wildfire,34.963024,
2024-07-13T12:34:56Z,33026.0,-118.311422,Wildfire,35.986772,
2024-07-13T13:38:54Z,50.0,-118.253976,Wildfire,34.67478,
2024-07-13T15:07:27Z,9950.0,-118.746636,Wildfire,35.10343,
2024-07-13T15:27:39Z,47.0,-118.429923,Wildfire,35.9273945,
2024-07-13T18:21:03Z,42.0,-121.179979,Wildfire,40.9067636,2024-07-22T22:53:14Z
2024-07-13T15:31:00Z,1025.0,-121.160755,Wildfire,40.90368,
2024-07-13T18:17:30Z,51.0,-118.057587,Wildfire,36.576457,2024-07-16T22:16:59Z
2024-07-14T11:16:52Z,10.0,-123.15297,Wildfire,39.041985,
2024-07-14T10:11:51Z,11.0,-120.278024,Wildfire,35.856649,
2024-07-14T13:35:28Z,77.3,-118.40739,Wildfire,35.56702,2024-07-19T22:39:43Z
2024-07-14T17:52:12Z,109.0,-122.353169,Wildfire,41.765149,
2024-07-14T05:21:10Z,22.0,-123.362,Wildfire,40.3464,
2024-07-14T22:03:15Z,4032.0,-119.669093,Wildfire,35.636093,2024-07-20T22:10:32Z
2024-07-14T22:04:26Z,10.0,-119.76107,Wildfire,35.6453,
2024-07-15T14:32:34Z,101.0,-122.516407,Wildfire,41.787938,
2024-07-15T16:26:26Z,348.0,-119.779871,Wildfire,35.784624,2024-07-19T19:03:08Z
2024-07-15T18:26:31Z,298.0,-121.369,Wildfire,41.7975,2024-07-20T22:12:20Z
2024-07-15T22:03:34Z,8.43,-122.684661,Wildfire,38.979194,
2024-07-16T11:05:51Z,7224.0,-123.63975,Wildfire,40.7721611,2024-08-14T04:48:59Z
2024-07-16T17:04:46Z,174.6,-118.257558,Wildfire,34.92221,2024-07-19T19:02:52Z
2024-07-16T16:56:10Z,35.0,-122.90457,Wildfire,42.0083,2024-07-21T10:49:29Z
2024-07-14T09:10:06Z,258.0,-118.663333,Wildfire,36.759833,
2024-07-17T17:17:53Z,14.0,-116.803223,Wildfire,32.773489,2024-07-19T21:22:03Z
2024-07-18T17:35:22Z,142.0,-119.0507,Wildfire,35.96289,2024-07-20T22:11:37Z
2024-07-18T18:52:22Z,16.0,-120.267799,Wildfire,36.29538,
2024-07-18T21:38:48Z,43.0,-120.211458,Wildfire,36.29802,2024-07-20T22:12:52Z
2024-07-19T11:46:31Z,37.0,-120.876583,Wildfire,36.606754,2024-07-19T22:41:18Z
2024-07-19T14:27:56Z,104.1,-121.0869519,Wildfire,38.2391935,2024-07-20T22:11:55Z
2024-07-19T15:57:35Z,272.0,-118.063529,Wildfire,34.5938959,2024-07-20T22:10:48Z
2024-07-19T15:27:42Z,10.0,-117.139626,Wildfire,34.083439,2024-07-21T10:49:48Z
2024-07-19T15:23:05Z,301.0,-117.76113,Wildfire,34.239686,2024-07-28T22:33:39Z
2024-07-19T17:39:12Z,43.0,-118.30239,Wildfire,34.23514,
2024-07-19T18:18:33Z,9.0,-121.156605,Wildfire,38.8807773,2024-07-21T10:50:06Z
2024-07-19T22:43:07Z,11.0,-119.6859,Wildfire,37.3137,2024-07-21T20:24:11Z
2024-07-20T16:26:18Z,2756.0,-122.457217,Wildfire,39.0329124,
2024-07-20T17:15:07Z,125.0,-117.461546,Wildfire,33.847742,2024-07-21T17:30:11Z
2024-07-20T17:51:09Z,6.4,-123.344954,Wildfire,39.635533,2024-07-21T10:03:53Z
2024-07-20T18:23:13Z,203.0,-120.852597,Wildfire,38.031044,2024-07-21T14:18:57Z
2024-07-20T23:44:00Z,80.0,-120.777302,Wildfire,36.1933173,
2024-07-21T14:14:17Z,1710.2,-117.502905,Wildfire,33.824352,
2024-07-21T13:37:01Z,527.0,-117.3727011,Wildfire,33.9278521,2024-07-25T23:06:23Z
2024-07-21T17:51:04Z,15.0,-121.24303,Wildfire,37.47012,2024-07-25T12:16:25Z
2024-07-21T19:03:00Z,70.0,-119.782853,Wildfire,34.9842984,2024-07-23T13:58:14Z
2024-07-22T08:14:35Z,57.7,-117.32122,Wildfire,33.999524,
2024-07-22T11:24:38Z,32.0,-120.154889,Wildfire,35.960403,
2024-07-22T14:34:07Z,3007.0,-120.535158,Wildfire,39.726014,2024-08-04T23:08:08Z
2024-07-22T14:16:21Z,396.0,-120.519727,Wildfire,41.80078,2024-07-28T22:35:49Z
2024-07-22T17:20:43Z,15.0,-117.112942,Wildfire,33.757839,
2024-07-23T00:29:55Z,71.0,-120.656662,Wildfire,38.2856696,2024-07-28T22:30:18Z
2024-07-23T09:56:42Z,12.0,-116.568589,Wildfire,32.59738,2024-07-25T12:16:06Z
2024-07-23T12:36:19Z,49.0,-119.65963,Wildfire,37.152487,2024-07-25T23:06:44Z
2024-07-23T15:13:43Z,1100.0,-121.199629,Wildfire,36.3404047,
2024-07-23T14:54:09Z,96.0,-120.541611,Wildfire,37.430142,
2024-07-23T15:40:13Z,292.0,-119.074167,Wildfire,38.300167,2024-07-28T22:32:39Z
2024-07-23T16:28:05Z,10.0,-122.369802,Wildfire,41.673939,2024-07-25T12:15:21Z
2024-07-23T16:09:45Z,19.0,-120.802733,Wildfire,36.362544,
2024-07-23T21:09:54Z,10.0,-120.074549,Wildfire,37.081853,2024-07-25T12:15:44Z
2024-07-24T13:12:32Z,863.0,-116.741601,Wildfire,33.409448,2024-07-28T22:36:35Z
2024-07-24T14:04:38Z,50.0,-120.046081,Wildfire,37.51019,
2024-07-24T14:20:16Z,59.0,-122.283667,Wildfire,40.356228,
2024-07-24T14:52:43Z,429603.0,-121.76168,Wildfire,39.7789,
2024-07-24T13:43:25Z,13.0,-121.304529,Wildfire,41.742143,2024-07-25T12:20:21Z
2024-07-23T20:18:39Z,26.4,-120.0485,Wildfire,40.914833,
2024-07-24T16:41:23Z,36.0,-122.768983,Wildfire,38.590922,2024-07-28T22:29:06Z
2024-07-24T19:33:53Z,40.0,-121.680996,Wildfire,39.638817,2024-07-25T23:07:01Z
2024-07-25T08:58:56Z,18.5,-118.934596,Wildfire,35.99271,
2024-07-25T12:54:34Z,151.0,-122.87667,Wildfire,39.140133,2024-07-28T22:31:51Z
2024-07-25T14:17:27Z,17.0,-117.26745,Wildfire,34.042687,2024-07-25T23:07:45Z
2024-07-25T17:43:22Z,145.0,-117.383235,Wildfire,33.656742,2024-07-28T22:31:05Z
2024-07-25T21:48:20Z,389.0,-121.69605,Wildfire,37.724532,2024-07-28T22:34:42Z
2024-07-26T13:00:28Z,10.0,-118.245656,Wildfire,34.50523,
2024-07-26T14:34:15Z,20.0,-121.4764,Wildfire,37.7146,
2024-07-26T15:57:00Z,744.0,-121.830534,Wildfire,37.515462,
2024-07-26T21:14:13Z,20.0,-119.601794,Wildfire,36.573716,
2024-07-27T14:49:12Z,12.0,-120.802822,Wildfire,38.222987,2024-07-28T22:26:34Z
2024-07-27T10:47:34Z,12.2,-123.590238,Wildfire,39.418982,2024-07-31T22:46:17Z
2024-07-27T17:53:36Z,21.0,-117.204108,Wildfire,33.856642,
2024-07-27T20:18:50Z,68.0,-117.257982,Wildfire,33.826534,
2024-07-28T13:58:53Z,65.0,-117.393766,Wildfire,33.731572,
2024-07-28T13:05:02Z,61.0,-116.699961,Wildfire,32.576716,
2024-07-25T17:07:14Z,47.0,-118.61484,Wildfire,36.98268,2024-09-02T10:45:00Z
2024-07-28T14:27:07Z,13.0,-124.362017,Wildfire,40.368506,
2024-07-29T12:30:48Z,5222.0,-116.7805,Wildfire,33.4773,
2024-07-29T16:20:54Z,9.1,-122.404759,Wildfire,40.002008,2024-07-31T22:39:18Z
2024-07-29T16:37:32Z,11.0,-116.782856,Wildfire,33.910649,
2024-07-30T11:17:16Z,300.0,-116.6961,Wildfire,32.5736,
2024-07-29T12:30:39Z,46.4,-119.394,Wildfire,37.1336,2024-11-03T11:52:00Z
2024-07-30T12:47:53Z,3815.0,-120.31848,Wildfire,37.689773,
2024-07-17T11:40:20Z,31.2,-120.341894,Wildfire,41.842269,
2024-07-30T13:14:59Z,11.0,-120.561774,Wildfire,35.7205881,2024-07-31T22:42:09Z
2024-07-24T12:59:10Z,59288.0,-118.6836,Wildfire,35.515,2024-09-16T00:00:00Z
2024-07-30T16:26:10Z,300.0,-117.172494,Wildfire,34.413261,2024-08-22T14:46:43Z
2024-07-16T09:18:46Z,12145.0,-118.738174,Wildfire,36.850037,
2024-07-31T15:02:29Z,15.0,-121.213195,Wildfire,37.068124,
2024-08-02T15:23:49Z,72.0,-117.166941,Wildfire,33.582198,
2024-08-03T15:09:59Z,22.0,-120.507495,Wildfire,37.353634,
2024-08-03T17:11:53Z,75.0,-118.475521,Wildfire,34.172602,2024-08-04T23:08:34Z
2024-08-04T14:40:38Z,11.5,-117.318087,Wildfire,33.671261,
2024-08-04T17:28:39Z,500.0,-117.970987,Wildfire,35.633966,
2024-08-05T14:34:23Z,11.7,-122.176593,Wildfire,40.393586,
2024-08-05T15:15:26Z,14.2,-123.807764,Wildfire,40.08453,
2024-08-04T15:51:59Z,310.0,-119.704567,Wildfire,37.862367,
2024-08-05T14:38:00Z,54.0,-117.3043742,Wildfire,34.1516679,
2024-08-07T11:11:07Z,10.0,-120.833961,Wildfire,38.217239,
2024-08-07T14:07:52Z,41.3,-121.020844,Wildfire,38.7027118,
2024-08-07T17:22:21Z,10.0,-121.35725,Wildfire,39.46018,
2024-08-04T10:46:39Z,30.0,-119.615283,Wildfire,37.9043,2024-09-20T14:33:00Z
2024-08-08T15:03:26Z,55.0,-120.291882,Wildfire,36.954837,
2024-08-08T22:56:00Z,80.0,-120.21464,Wildfire,37.978113,2024-08-23T18:00:00Z
2024-08-09T11:25:44Z,12966.8,-123.5113,Wildfire,41.2522,
2024-08-09T15:32:55Z,60.0,-122.0501,Wildfire,38.3073,
2024-08-09T13:33:00Z,59.8,-118.364146,Wildfire,35.0307313,
2024-08-10T12:26:18Z,63.0,-117.282555,Wildfire,33.822694,
2024-08-10T13:19:52Z,20.9,-120.427903,Wildfire,38.324942,
2024-08-10T15:55:31Z,110.0,-122.449341,Wildfire,40.581893,2024-08-14T04:51:10Z
2024-08-10T18:25:52Z,427.0,-118.419612,Wildfire,35.33324,2024-08-14T04:50:10Z
2024-08-10T16:40:04Z,11.0,-117.292525,Wildfire,33.640118,
2024-08-11T13:40:03Z,108.0,-121.054386,Wildfire,38.427179,
2024-08-12T10:18:00Z,329.0,-118.3419912,Wildfire,35.0200352,
2024-08-12T12:07:24Z,10.7,-121.23737,Wildfire,37.471329,
2024-08-12T14:03:25Z,68.0,-122.509941,Wildfire,39.07015,2024-08-14T00:00:00Z
2024-08-12T14:22:48Z,20.0,-116.927749,Wildfire,32.717599,2024-08-15T22:03:16Z
2024-08-13T07:31:00Z,18.0,-122.562044,Wildfire,38.043415,2024-08-15T22:03:38Z
2024-08-13T14:52:53Z,60.0,-117.368598,Wildfire,33.3073021,2024-08-18T21:21:34Z
2024-08-13T14:08:09Z,15.0,-117.8406047,Wildfire,34.284624,2024-08-14T10:14:00Z
2024-08-03T08:05:39Z,14104.0,-118.768,Wildfire,36.38857,
2024-08-13T16:00:58Z,17.1,-120.32559,Wildfire,37.181034,2024-08-13T21:49:53Z
2024-08-14T11:33:29Z,25.0,-121.604861,Wildfire,37.809344,2024-08-14T00:00:00Z
2024-08-14T13:11:03Z,12.5,-116.650391,Wildfire,33.922735,2024-08-18T21:22:57Z
2024-08-15T02:29:23Z,103.0,-120.313718,Wildfire,37.630738,
2024-08-15T13:29:56Z,85.0,-120.238125,Wildfire,37.349442,
2024-08-16T15:32:25Z,65.1,-117.463332,Wildfire,34.475777,2024-08-18T21:20:59Z
2024-08-16T18:48:37Z,269.0,-118.8709169,Wildfire,35.4189737,
2024-08-17T13:06:39Z,88.0,-120.901571,Wildfire,35.578845,
2024-08-17T13:53:52Z,23.3,-121.561366,Wildfire,39.468991,
2024-08-18T16:49:13Z,172.0,-119.792619,Wildfire,36.909429,
2024-08-19T14:08:06Z,16.0,-121.585729,Wildfire,37.740555,
2024-08-19T11:17:27Z,22.0,-121.038125,Wildfire,35.8378,
2024-08-19T15:35:17Z,16.0,-121.740217,Wildfire,37.665174,2024-08-19T10:50:00Z
2024-08-19T14:49:00Z,6.0,-121.6971111,Wildfire,37.7055278,
2024-08-19T18:02:41Z,60.0,-121.8572856,Wildfire,38.193824,
2024-08-19T20:15:09Z,33.0,-121.7338333,Wildfire,37.333444,
2024-08-20T04:40:00Z,15.0,-120.644048,Wildfire,35.275553,2024-08-20T05:31:50Z
2024-08-20T12:38:37Z,9.0,-120.582252,Wildfire,35.704967,
2024-08-20T16:31:00Z,25.0,-120.195855,Wildfire,34.5337178,2024-08-22T08:00:00Z
2024-08-20T22:29:39Z,10.4,-117.08414,Wildfire,33.71271,
2024-08-21T09:46:54Z,11.0,-122.171501,Wildfire,38.252807,
2024-08-21T13:44:45Z,15.0,-120.959582,Wildfire,37.372385,
2024-08-21T17:25:58Z,25.0,-118.288398,Wildfire,34.29046,2024-08-23T18:00:00Z
2024-08-21T16:42:04Z,16.3,-120.828003,Wildfire,38.190649,
2024-08-22T12:56:40Z,34.0,-117.49379,Wildfire,33.9689911,
2024-08-22T15:42:50Z,33.0,-116.869456,Wildfire,33.9009,
2024-08-22T17:45:07Z,45.0,-121.251908,Wildfire,38.3809,
2024-08-23T05:06:41Z,12.0,-121.312694,Wildfire,39.037213,
2024-08-23T06:57:33Z,26.5,-119.053499,Wildfire,35.805079,
2024-08-23T00:40:32Z,86.0,-120.064,Wildfire,34.506,2024-08-26T00:00:00Z
2024-08-23T10:50:03Z,11.0,-118.7548048,Wildfire,34.6592518,2024-08-23T21:00:00Z
2024-08-23T13:53:44Z,86.0,-116.846198,Wildfire,33.928939,
2024-08-23T17:26:12Z,27.0,-116.92502,Wildfire,32.675679,2024-08-26T00:00:00Z
2024-08-24T13:33:21Z,17.0,-120.360998,Wildfire,36.730979,2024-08-24T21:00:00Z
2024-08-24T15:59:20Z,76.0,-117.340037,Fire,34.318425,2024-08-25T23:48:03Z
2024-08-24T12:13:11Z,23.1,-117.204094,Wildfire,34.701134,2024-08-25T01:41:00Z
2024-08-25T11:48:35Z,130.0,-117.403313,Wildfire,33.583553,
2024-08-03T09:59:50Z,11.5,-119.416517,Wildfire,37.756167,
2024-08-25T15:49:19Z,22.0,-121.033398,Wildfire,37.115241,2024-08-25T11:38:00Z
2024-08-25T17:11:41Z,15.5,-116.9496357,Wildfire,33.7580149,
2024-08-26T12:49:14Z,42.0,-121.297565,Fire,38.496413,
2024-08-26T21:14:15Z,38.0,-121.279094,Wildfire,38.524067,2024-08-26T13:53:00Z
2024-08-27T11:12:29Z,22.1,-117.077204,Wildfire,34.452109,2024-08-28T01:15:00Z
2024-08-27T15:48:13Z,78.0,-118.958785,Wildfire,35.5497,
2024-08-27T18:58:39Z,15.0,-117.559695,Wildfire,34.4045559,2024-08-30T07:06:37Z
2024-08-28T14:38:26Z,18.0,-117.0764,Wildfire,33.2902,2024-08-30T21:48:10Z
2024-08-28T17:15:11Z,19.0,-122.520366,Wildfire,38.233952,2024-08-30T07:11:58Z
2024-08-28T16:25:11Z,12.2,-120.499717,Wildfire,38.361834,2024-08-30T23:56:00Z
2024-08-29T10:46:53Z,88.2,-118.426716,Wildfire,35.694044,2024-08-29T17:00:00Z
2024-08-29T15:34:53Z,33.0,-122.743925,Wildfire,38.264246,2024-08-30T21:49:03Z
2024-08-29T17:28:55Z,16.1,-121.71679,Wildfire,37.777334,2024-09-01T08:00:00Z
2024-08-31T14:41:01Z,45.0,-122.560451,Wildfire,39.993914,2024-09-04T08:14:52Z
2024-08-31T16:03:12Z,22.0,-117.112489,Wildfire,33.758036,2024-09-02T17:12:00Z
2024-08-31T16:59:00Z,3.2,-117.856102,Wildfire,34.25914,2024-08-31T19:00:00Z
2024-08-31T16:15:07Z,11.0,-120.533933,Wildfire,35.655361,2024-08-31T16:00:00Z
2024-08-31T23:45:03Z,19.9,-121.632921,Wildfire,37.838349,
2024-09-01T13:03:59Z,48.0,-122.156703,Wildfire,38.207676,2024-09-04T08:15:09Z
2024-09-01T14:23:20Z,517.0,-116.9476,Wildfire,33.8126,2024-09-05T00:00:00Z
2024-09-01T22:05:15Z,91.0,-121.129602,Wildfire,36.015369,
2024-09-02T14:09:00Z,3323.0,-120.21859,Wildfire,39.596704,2024-09-19T17:30:00Z
2024-09-02T15:47:48Z,59.0,-121.69988,Wildfire,39.73984,
2024-09-02T16:58:23Z,40.0,-117.953154,Wildfire,34.122607,
2024-09-02T15:16:16Z,40.0,-120.310758,Wildfire,37.083449,
2024-09-03T10:18:38Z,13.7,-120.623763,Wildfire,35.313339,
2024-09-03T12:10:46Z,17000.0,-120.58848,Wildfire,36.12175,
2024-09-03T15:20:41Z,41.0,-118.248827,Wildfire,34.876586,2024-09-03T08:00:00Z
2024-09-04T12:56:11Z,18.0,-116.651385,Wildfire,33.472372,
2024-09-04T15:55:43Z,264.0,-117.297767,Wildfire,33.773143,2024-09-05T00:00:00Z
2024-09-05T15:37:29Z,10.0,-120.750881,Wildfire,37.055082,
2024-09-05T17:01:14Z,502.0,-120.24039,Wildfire,36.13751,
2024-09-05T18:33:57Z,43978.0,-117.154705,Wildfire,34.121119,
2024-09-06T12:14:39Z,18.0,-123.186117,Wildfire,39.351831,2024-09-10T00:00:00Z
2024-09-06T14:24:50Z,15.0,-116.738699,Wildfire,33.758174,
2024-09-06T17:06:53Z,25.0,-117.40342,Wildfire,33.44756,2024-02-25T08:00:00Z
2024-07-20T07:02:47Z,752.0,-120.952668,Wildfire,39.089369,
2024-09-07T11:41:06Z,39.6,-116.357286,Wildfire,32.700797,
2024-09-07T14:03:11Z,1000.0,-117.3623,Wildfire,33.4088,2024-09-11T20:33:57Z
2024-09-07T16:12:16Z,25.0,-123.6761,Wildfire,41.1088,2024-09-12T17:00:00Z
2024-09-07T21:22:58Z,314.0,-120.30277,Wildfire,36.639321,
2024-09-08T14:45:26Z,81.2,-122.61065,Wildfire,38.92934,2024-09-11T20:37:40Z
2024-09-08T14:12:21Z,56030.0,-117.7625,Wildfire,34.2396,
2024-09-09T09:12:28Z,1960.0,-120.6975,Wildfire,38.82889,
2024-09-08T19:13:26Z,20.0,-117.135771,Wildfire,33.353446,
2024-09-09T13:15:11Z,63.0,-120.814317,Wildfire,38.361232,2024-09-11T20:38:49Z
2024-09-09T13:21:00Z,23526.0,-117.566221,Wildfire,33.6676762,2024-10-05T22:00:00Z
2024-09-09T15:02:08Z,54.0,-116.91162,Wildfire,33.917991,
2024-09-09T16:07:20Z,48.0,-118.62193,Wildfire,35.2659,2024-09-10T12:21:06Z
2024-09-10T11:46:36Z,800.0,-118.53335,Wildfire,34.77011,2024-09-10T00:00:00Z
2024-09-10T16:34:15Z,20.0,-116.30113,Wildfire,33.803944,
2024-09-10T17:55:00Z,22.0,-121.6060708,Wildfire,37.7952949,
2024-09-11T13:19:00Z,62.0,-121.997014,Wildfire,38.0115396,2024-09-11T20:29:00Z
2024-09-11T01:01:31Z,30.0,-118.045033,Wildfire,34.50295,
2024-09-11T15:13:57Z,17.5,-119.536893,Wildfire,35.863675,
2024-09-12T13:13:40Z,85.0,-121.42105,Wildfire,39.48058,
2024-09-14T16:32:28Z,12.0,-120.840433,Wildfire,38.545436,
2024-09-15T13:16:20Z,53.0,-122.485218,Wildfire,38.145843,2024-09-16T00:00:00Z
2024-09-15T15:19:28Z,15.0,-119.189459,Wildfire,36.682583,2024-09-15T23:53:47Z
2024-09-16T20:08:21Z,20.0,-120.35679,Wildfire,34.59556,2024-09-16T00:00:00Z
2024-09-17T11:28:26Z,58.4,-122.307297,Wildfire,39.93192,
2024-09-19T20:34:58Z,35.0,-120.259824,Wildfire,36.15407,2024-09-20T05:13:00Z
2024-09-23T13:16:44Z,11.0,-122.656105,Wildfire,38.187148,2024-09-24T20:58:21Z
2024-09-26T10:19:38Z,13.5,-122.284309,Wildfire,40.201159,2024-09-26T13:19:00Z
2024-09-27T14:48:30Z,42.0,-121.054386,Wildfire,38.427179,2024-09-29T08:00:01Z
2024-09-27T14:13:57Z,16.8,-121.147092,Wildfire,36.493781,2024-09-28T15:00:00Z
2024-09-27T17:26:28Z,38.0,-116.099893,Wildfire,33.540008,2024-09-29T10:05:00Z
2024-09-27T21:10:31Z,35.0,-118.84398,Wildfire,35.374332,2024-09-28T08:00:00Z
2024-09-28T18:12:31Z,13.2,-118.1176558,Wildfire,34.5352699,2024-09-29T08:00:00Z
2024-09-29T08:30:17Z,16.9,-120.274,Wildfire,34.50334,
2024-09-30T13:00:03Z,633.4,-120.005229,Wildfire,35.351479,
2024-09-30T16:32:45Z,4.0,-120.49265,Wildfire,38.4546979,
2024-10-02T02:19:22Z,25.0,-118.616267,Wildfire,34.497433,2024-10-06T08:00:00Z
2024-10-02T12:04:50Z,316.0,-119.939391,Wildfire,38.250731,
2024-10-02T14:01:34Z,22.5,-123.654313,Wildfire,40.471128,2024-10-09T15:30:00Z
2024-10-03T12:41:00Z,367.0,-118.7641,Wildfire,34.46437,
2024-10-03T18:34:02Z,9.5,-120.08283,Wildfire,35.854009,
2024-10-04T11:37:35Z,417.0,-122.718183,Wildfire,39.026764,2024-10-09T21:54:49Z
2024-10-04T15:56:13Z,50.0,-118.190532,Wildfire,34.957874,2024-10-05T08:00:00Z
2024-10-04T19:11:27Z,15.0,-119.5922,Wildfire,36.69212,2024-10-04T22:00:00Z
2024-10-04T21:46:32Z,22.0,-119.645931,Wildfire,36.692574,2024-10-05T05:21:41Z
2024-10-05T15:32:29Z,28.0,-120.834831,Wildfire,39.227018,
2024-10-03T16:01:18Z,10.0,-122.153187,Wildfire,39.218344,2024-10-04T22:00:00Z
2024-10-06T12:36:35Z,420.0,-120.144717,Wildfire,40.887485,2024-10-08T07:34:26Z
2024-10-06T13:39:46Z,14.9,-121.652642,Wildfire,41.281183,
2024-10-06T16:45:33Z,12.0,-121.3681,Wildfire,39.3574,2024-10-07T08:04:00Z
2024-10-06T19:57:47Z,26.4,-123.820482,Wildfire,40.176118,2024-10-09T21:53:40Z
2024-10-07T15:01:33Z,413.0,-116.424495,Wildfire,32.723782,2024-10-08T07:33:09Z
2024-10-08T12:18:12Z,56.4,-120.94668,Wildfire,41.19492,
2024-10-08T16:09:00Z,225.0,-121.563092,Wildfire,36.378918,
2024-10-09T13:04:42Z,110.0,-116.683446,Wildfire,33.555137,2024-10-10T21:55:42Z
2024-10-09T13:18:46Z,5124.0,-122.10167,Wildfire,40.923444,2024-11-09T12:00:07Z
2024-10-11T12:47:22Z,23.0,-117.441832,Wildfire,33.733233,
2024-10-13T14:18:15Z,11.6,-117.076404666916,Wildfire,33.8185182621934,
2024-10-13T16:30:19Z,260.0,-117.0375417,Wildfire,33.9239548,2024-10-15T11:39:00Z
2024-10-15T10:55:10Z,16.2,-120.133664,Wildfire,35.318949,
2024-10-17T13:33:02Z,8.0,-120.435273,Wildfire,35.375211,2024-10-17T09:29:00Z
2024-10-17T16:30:47Z,80.0,-120.430379,Wildfire,34.98749,2024-10-17T21:10:51Z
2024-10-18T13:03:00Z,869.0,-121.8584227,Wildfire,38.3151744,2024-10-22T07:11:50Z
2024-10-18T14:25:00Z,15.0,-122.1569455,Wildfire,37.7741494,2024-10-20T12:37:00Z
2024-10-18T16:03:12Z,17.0,-117.401904,Wildfire,33.979878,2024-10-19T14:00:00Z
2024-10-19T02:14:53Z,13.0,-120.182476,Wildfire,36.03643,
2024-10-19T12:24:17Z,50.0,-120.758104,Wildfire,35.342748,
2024-10-19T13:04:01Z,60.0,-121.965973,Wildfire,39.4643049,2024-10-19T17:00:00Z
2024-10-19T12:59:28Z,1000.0,-118.1033,Wildfire,35.45554,
2024-10-19T14:27:00Z,15.0,-117.479583,Wildfire,34.017513,
2024-10-21T13:03:06Z,38.0,-121.48061,Wildfire,39.293028,
2024-10-24T07:15:45Z,5.3,-120.300799,Wildfire,36.281579,
2024-10-24T12:04:23Z,40.0,-116.87992,Wildfire,33.443458,
2024-10-24T16:05:00Z,64.1,-120.259123,Wildfire,34.62078,
2024-10-26T12:48:10Z,15.0,-120.164271,Wildfire,36.048799,
2024-10-26T17:56:17Z,15.6,-117.467864,Wildfire,34.35491,2024-10-27T08:00:00Z
2024-10-28T03:19:00Z,524.0,-118.858046,Wildfire,36.229517,2024-10-30T20:34:22Z
2024-10-30T10:39:43Z,40.0,-121.972909,Wildfire,40.24402,
2024-10-31T13:31:00Z,10.0,-117.01352,Wildfire,32.69011,2024-10-31T19:37:14Z
2024-10-31T14:26:53Z,37.0,-117.09495,Wildfire,32.77126,2024-11-03T08:00:00Z
2024-11-03T15:33:42Z,47.0,-122.132235,Wildfire,39.925884,2024-11-03T11:52:00Z
2024-11-04T15:41:22Z,25.0,-116.90239,Wildfire,33.886528,2024-11-08T08:00:00Z
2024-11-06T08:51:00Z,19904.0,-118.9689,Wildfire,34.3189,
2024-11-06T10:09:58Z,50.0,-118.704833,Wildfire,34.033917,
2024-11-05T13:16:17Z,44.0,-123.420067,Wildfire,40.342148,2024-11-11T08:00:00Z
2024-11-06T11:31:51Z,10.8,-122.426405,Wildfire,40.432155,2024-11-08T08:00:00Z
2024-11-06T12:28:59Z,40.0,-119.011663,Wildfire,36.393723,
2024-10-30T11:27:05Z,4537.0,-118.139117,Wildfire,36.496333,
2024-11-07T12:41:00Z,94.0,-118.749654,Wildfire,34.615371,2024-11-10T06:45:09Z
2024-11-07T12:54:04Z,125.0,-120.501728,Wildfire,34.691118,2024-11-12T08:00:00Z
2024-11-08T12:48:54Z,48.0,-117.18097,Wildfire,33.33393,
2024-11-08T15:40:11Z,24.9,-116.64017,Wildfire,33.286514,
2024-11-11T09:54:34Z,8.0,-118.007,Wildfire,37.0211,2024-11-12T17:30:00Z
2024-11-12T14:36:11Z,11.0,-119.966199,Wildfire,35.96313,
2024-11-13T11:40:05Z,20.0,-120.446162,Wildfire,40.361854,
2024-11-14T23:45:25Z,12.6,-120.781992,Wildfire,36.862905,2024-11-15T03:00:00Z
2024-11-16T21:32:09Z,10.0,-120.485099,Wildfire,36.531149,2024-11-16T23:30:00Z
2024-11-17T12:59:38Z,23.4,-120.654725,Wildfire,35.956529,2024-11-18T23:09:52Z
2024-11-20T13:45:08Z,50.0,-120.730521,Wildfire,38.205892,
2024-11-20T13:48:19Z,11.0,-116.93722,Wildfire,32.72754,
2024-11-20T16:43:05Z,45.5,-114.513662,Wildfire,33.963907,
2024-11-21T11:00:19Z,73.4,-120.944749,Wildfire,38.00025,
2024-11-21T13:40:43Z,24.1,-120.986172,Wildfire,38.379304,
2024-11-21T14:20:12Z,57.0,-121.141238,Wildfire,36.203824,2024-11-23T07:00:00Z
2024-11-22T13:35:12Z,34.0,-119.926528,Wildfire,37.051003,
2024-11-23T15:22:09Z,98.1,-116.9079487,Wildfire,32.5891998,2024-11-24T19:41:08Z
2024-11-28T20:04:37Z,254.0,-117.481178,Wildfire,34.034077,
2024-12-02T14:00:25Z,74.0,-120.419992,Wildfire,36.443544,
2024-12-09T22:50:53Z,4037.0,-118.69642,Wildfire,34.06343,2024-12-18T20:59:13Z
2024-12-10T20:06:05Z,10.0,-117.3543,Wildfire,34.6492,
2024-12-14T13:45:56Z,30.0,-119.61551,Wildfire,35.27248,2024-12-15T08:00:00Z
2024-12-17T19:50:15Z,25.0,-117.440844,Wildfire,34.002023,2024-12-18T18:00:26Z
2024-12-21T04:49:00Z,419.0,-119.477,Wildfire,34.9868,
